phase,epoch,train_task_loss,train_kl,train_cost,train_total_loss,beta,gamma,train_accuracy,val_loss,val_accuracy,epoch_time_sec
pretrain,1,0.09025788615975115,4874.31982421875,4982018048.0,0.09025788615975115,0.0,0.0,0.19386666127377086,0.08441656649112701,0.25999999321997164,71.99852728843689
pretrain,2,0.07498965631342597,4874.31982421875,4982018048.0,0.07498965631342597,0.0,0.0,0.3974222110791339,0.06500469036400318,0.5147999852895737,64.61630439758301
pretrain,3,0.06525201693591144,4874.31982421875,4982018048.0,0.06525201693591144,0.0,0.0,0.5021999864942498,0.05695969015359879,0.5667999863624573,64.35829973220825
pretrain,4,0.058008718051844176,4874.31982421875,4982018048.0,0.058008718051844176,0.0,0.0,0.570066651834382,0.05029218999668956,0.6367999875545501,64.51907086372375
pretrain,5,0.051544898313780625,4874.31982421875,4982018048.0,0.051544898313780625,0.0,0.0,0.6241110962960456,0.04357375226914883,0.6857999873161316,64.27485013008118
pretrain,6,0.04624142573732469,4874.31982421875,4982018048.0,0.04624142573732469,0.0,0.0,0.6688666526145405,0.03962406426668167,0.7169999861717224,64.52477955818176
pretrain,7,0.04089271030285292,4874.31982421875,4982018048.0,0.04089271030285292,0.0,0.0,0.7099777632289462,0.03724500192329287,0.7361999815702438,64.52062797546387
pretrain,8,0.037513612904068495,4874.31982421875,4982018048.0,0.037513612904068495,0.0,0.0,0.7360222069422404,0.03497093915939331,0.7511999779939651,64.66080808639526
pretrain,9,0.03476128642343813,4874.31982421875,4982018048.0,0.03476128642343813,0.0,0.0,0.7571555377708541,0.032692501805722717,0.7733999794721603,64.16722846031189
pretrain,10,0.03255725853145122,4874.31982421875,4982018048.0,0.03255725853145122,0.0,0.0,0.7735555360714594,0.031259688967838886,0.784799980521202,64.2828631401062
pretrain,11,0.03041139032588237,4874.31982421875,4982018048.0,0.03041139032588237,0.0,0.0,0.7917555349402957,0.02956843883730471,0.7993999773263931,64.30209994316101
pretrain,12,0.028513612455377976,4874.31982421875,4982018048.0,0.028513612455377976,0.0,0.0,0.8049777552154329,0.028188751321285965,0.8051999783515931,64.28289890289307
pretrain,13,0.026938577657565476,4874.31982421875,4982018048.0,0.026938577657565476,0.0,0.0,0.815733310116662,0.026362501187250018,0.8209999740123749,64.61947822570801
pretrain,14,0.025578890092050034,4874.31982421875,4982018048.0,0.025578890092050034,0.0,0.0,0.8266221988863415,0.025787813728675245,0.8221999794244766,64.32878136634827
pretrain,15,0.02426402892710434,4874.31982421875,4982018048.0,0.02426402892710434,0.0,0.0,0.8376666425996356,0.0252678135689348,0.827399976849556,64.33480644226074
pretrain,16,0.022655487183688417,4874.31982421875,4982018048.0,0.022655487183688417,0.0,0.0,0.8493110869328181,0.026806563725695013,0.8267999768257142,64.35666871070862
pretrain,17,0.02163267463704364,4874.31982421875,4982018048.0,0.02163267463704364,0.0,0.0,0.8557555303970973,0.021803750982508065,0.8527999752759934,64.30793261528015
pretrain,18,0.020890591287364563,4874.31982421875,4982018048.0,0.020890591287364563,0.0,0.0,0.8597333090172874,0.02240375100634992,0.8479999762773514,64.26440763473511
pretrain,19,0.01992586901463154,4874.31982421875,4982018048.0,0.01992586901463154,0.0,0.0,0.8654444201787312,0.020389688424766062,0.8635999768972397,64.24707174301147
pretrain,20,0.01919309119280014,4874.31982421875,4982018048.0,0.01919309119280014,0.0,0.0,0.8705333088503944,0.02208000101149082,0.8507999753952027,64.16251492500305
pretrain,21,0.01833291753402187,4874.31982421875,4982018048.0,0.01833291753402187,0.0,0.0,0.8785555311044058,0.02087718853726983,0.8541999739408493,64.142418384552
pretrain,22,0.017658542505361967,4874.31982421875,4982018048.0,0.017658542505361967,0.0,0.0,0.8836444201072057,0.019755000937730072,0.8599999779462815,64.15909767150879
pretrain,23,0.01686958414166131,4874.31982421875,4982018048.0,0.01686958414166131,0.0,0.0,0.8889110863871045,0.019482813449576496,0.865599974989891,64.3519697189331
pretrain,24,0.016139861888045236,4874.31982421875,4982018048.0,0.016139861888045236,0.0,0.0,0.894422197871738,0.019615625916048884,0.8673999768495559,64.38498997688293
pretrain,25,0.015689549350127993,4874.31982421875,4982018048.0,0.015689549350127993,0.0,0.0,0.896177754468388,0.019702500831335783,0.8665999740362167,64.21902847290039
pretrain,26,0.01502406318503846,4874.31982421875,4982018048.0,0.01502406318503846,0.0,0.0,0.9013777545425627,0.019410000895150006,0.8673999738693238,64.21761512756348
pretrain,27,0.014564167346494893,4874.31982421875,4982018048.0,0.014564167346494893,0.0,0.0,0.9040666425228119,0.017898438265547156,0.8775999760627746,64.23097634315491
pretrain,28,0.01397017427189793,4874.31982421875,4982018048.0,0.01397017427189793,0.0,0.0,0.9103110880321926,0.019012500885874032,0.8681999737024307,64.15246057510376
pretrain,29,0.013507327012096842,4874.31982421875,4982018048.0,0.013507327012096842,0.0,0.0,0.912666642997,0.018995938366279008,0.8731999742984772,64.3226568698883
pretrain,30,0.013113576998520228,4874.31982421875,4982018048.0,0.013113576998520228,0.0,0.0,0.9142888651953803,0.018597188405692577,0.8739999747276306,64.2718894481659
pretrain,31,0.01256993115924868,4874.31982421875,4982018048.0,0.01256993115924868,0.0,0.0,0.9185333090358311,0.01808437579777092,0.8803999781608581,64.29519033432007
pretrain,32,0.012103056127412451,4874.31982421875,4982018048.0,0.012103056127412451,0.0,0.0,0.9220221985710991,0.018230625884607433,0.8759999758005143,64.70122027397156
pretrain,33,0.011606458878894855,4874.31982421875,4982018048.0,0.011606458878894855,0.0,0.0,0.924822199344635,0.01693937580566853,0.887199975848198,64.29333186149597
pretrain,34,0.011458542207708686,4874.31982421875,4982018048.0,0.011458542207708686,0.0,0.0,0.925444421503279,0.017199375871568917,0.886599977016449,64.21343541145325
pretrain,35,0.010696563026738456,4874.31982421875,4982018048.0,0.010696563026738456,0.0,0.0,0.9316444221470092,0.016743125743232667,0.8851999753713607,64.16586136817932
pretrain,36,0.010252847711089998,4874.31982421875,4982018048.0,0.010252847711089998,0.0,0.0,0.9346221999327342,0.016326250759884715,0.8901999741792679,64.18612408638
pretrain,37,0.010269549108795925,4874.31982421875,4982018048.0,0.010269549108795925,0.0,0.0,0.9341999768548541,0.016309688165783882,0.8921999740600586,64.26152062416077
pretrain,38,0.009729375454804136,4874.31982421875,4982018048.0,0.009729375454804136,0.0,0.0,0.9375555336475372,0.017111250753514468,0.8857999789714813,64.25289750099182
pretrain,39,0.00927434069932335,4874.31982421875,4982018048.0,0.00927434069932335,0.0,0.0,0.9400666434235043,0.017911875806748866,0.8821999776363373,64.29844737052917
pretrain,40,0.009111042104422167,4874.31982421875,4982018048.0,0.009111042104422167,0.0,0.0,0.941488867269622,0.016150313252583145,0.8907999753952026,64.10874223709106
pretrain,41,0.00889430597049391,4874.31982421875,4982018048.0,0.00889430597049391,0.0,0.0,0.9426666434605916,0.01673031333833933,0.8901999747753143,64.3428885936737
pretrain,42,0.008447396227080996,4874.31982421875,4982018048.0,0.008447396227080996,0.0,0.0,0.9459999788469738,0.01648125084117055,0.8905999785661698,64.4779405593872
pretrain,43,0.008204375384116752,4874.31982421875,4982018048.0,0.008204375384116752,0.0,0.0,0.947133310172293,0.016869063298217954,0.8891999751329422,64.32079291343689
pretrain,44,0.00808458371408051,4874.31982421875,4982018048.0,0.00808458371408051,0.0,0.0,0.9492888664537006,0.016179063176969065,0.8919999772310256,64.23528242111206
pretrain,45,0.007804861473333504,4874.31982421875,4982018048.0,0.007804861473333504,0.0,0.0,0.9504666437043084,0.016855313424021006,0.8891999751329422,64.3426239490509
pretrain,46,0.007449340620530873,4874.31982421875,4982018048.0,0.007449340620530873,0.0,0.0,0.9524666433201896,0.016585938241332768,0.8945999765396118,64.16950273513794
pretrain,47,0.007185486456663865,4874.31982421875,4982018048.0,0.007185486456663865,0.0,0.0,0.9536221995618608,0.015809688265435398,0.8981999754905701,64.10489463806152
pretrain,48,0.006813090603132474,4874.31982421875,4982018048.0,0.006813090603132474,0.0,0.0,0.9573555327124066,0.015674375775270165,0.8995999777317047,64.70087194442749
pretrain,49,0.00680541699438537,4874.31982421875,4982018048.0,0.00680541699438537,0.0,0.0,0.9563333102729585,0.015379688222892582,0.9017999762296677,64.10607361793518
pretrain,50,0.006717847537786131,4874.31982421875,4982018048.0,0.006717847537786131,0.0,0.0,0.9572444215748045,0.015915313272271307,0.8993999767303467,64.42015242576599
pretrain,51,0.006542778096651697,4874.31982421875,4982018048.0,0.006542778096651697,0.0,0.0,0.9586221996280883,0.016322500742971896,0.8971999776363373,64.31850743293762
pretrain,52,0.006087500278711863,4874.31982421875,4982018048.0,0.006087500278711863,0.0,0.0,0.9611555329958598,0.01701562585774809,0.8867999756336212,64.1915500164032
pretrain,53,0.005964062773661377,4874.31982421875,4982018048.0,0.005964062773661377,0.0,0.0,0.9631555335389244,0.015608438197523356,0.9005999779701233,64.16423439979553
pretrain,54,0.005890590560270034,4874.31982421875,4982018048.0,0.005890590560270034,0.0,0.0,0.962977755467097,0.015999063244089486,0.894599974155426,64.66108083724976
pretrain,55,0.00564545165355715,4874.31982421875,4982018048.0,0.00564545165355715,0.0,0.0,0.9639999785025914,0.015276250708848239,0.8973999756574631,64.25422978401184
pretrain,56,0.005525833588924596,4874.31982421875,4982018048.0,0.005525833588924596,0.0,0.0,0.9655110887686411,0.01638093839865178,0.891599977016449,64.2575011253357
pretrain,57,0.005303889144876545,4874.31982421875,4982018048.0,0.005303889144876545,0.0,0.0,0.9665777565373315,0.01542500073555857,0.9001999753713608,64.13695406913757
pretrain,58,0.005053784961160596,4874.31982421875,4982018048.0,0.005053784961160596,0.0,0.0,0.9680666447348065,0.015731563281733543,0.8995999759435653,64.51785230636597
pretrain,59,0.004965451621004225,4874.31982421875,4982018048.0,0.004965451621004225,0.0,0.0,0.9693110899130504,0.015877813266124575,0.8969999766349792,64.6516523361206
pretrain,60,0.00474524327986324,4874.31982421875,4982018048.0,0.00474524327986324,0.0,0.0,0.9701777563492457,0.014840938248671592,0.9033999758958816,64.94857573509216
pretrain,61,0.004708090497458923,4874.31982421875,4982018048.0,0.004708090497458923,0.0,0.0,0.9704888676934772,0.015910000721924007,0.8945999765396118,69.97656345367432
pretrain,62,0.004515590490110399,4874.31982421875,4982018048.0,0.004515590490110399,0.0,0.0,0.9717999780840344,0.015391250695101917,0.8985999763011933,64.35642695426941
pretrain,63,0.004569132161959715,4874.31982421875,4982018048.0,0.004569132161959715,0.0,0.0,0.9719777566856808,0.015028438256122172,0.9043999773263931,64.1927170753479
pretrain,64,0.004360590478859699,4874.31982421875,4982018048.0,0.004360590478859699,0.0,0.0,0.9731110888057285,0.014893125684466213,0.9045999759435653,64.07468700408936
pretrain,65,0.00406892380279007,4874.31982421875,4982018048.0,0.00406892380279007,0.0,0.0,0.9751110896137025,0.01638687574537471,0.8965999722480774,64.47434949874878
pretrain,66,0.00414097240839409,4874.31982421875,4982018048.0,0.00414097240839409,0.0,0.0,0.9749333111445109,0.015168125776108354,0.903399977684021,64.10132908821106
pretrain,67,0.004006146023619092,4874.31982421875,4982018048.0,0.004006146023619092,0.0,0.0,0.9749110900031196,0.01574031323660165,0.9017999750375748,64.32385802268982
pretrain,68,0.003862430740539114,4874.31982421875,4982018048.0,0.003862430740539114,0.0,0.0,0.9763110910521613,0.015525313173420728,0.9017999738454818,64.39411926269531
pretrain,69,0.0038545835109309538,4874.31982421875,4982018048.0,0.0038545835109309538,0.0,0.0,0.976399980187416,0.015741875735111533,0.9003999757766724,64.10434365272522
pretrain,70,0.0036123959958422346,4874.31982421875,4982018048.0,0.0036123959958422346,0.0,0.0,0.9780888696511586,0.01573343830415979,0.8987999778985977,64.02892565727234
pretrain,71,0.003502743216922681,4874.31982421875,4982018048.0,0.003502743216922681,0.0,0.0,0.9785777581400341,0.015919063242617996,0.8995999747514725,64.36751198768616
pretrain,72,0.003425104327317159,4874.31982421875,4982018048.0,0.003425104327317159,0.0,0.0,0.9792888685729768,0.015371875709388406,0.9037999749183655,64.03320336341858
pretrain,73,0.0033136112657868783,4874.31982421875,4982018048.0,0.0033136112657868783,0.0,0.0,0.9796888697809644,0.015460938250180334,0.901599975824356,64.06877088546753
pretrain,74,0.003242500148779881,4874.31982421875,4982018048.0,0.003242500148779881,0.0,0.0,0.9806666468911701,0.014887813278473914,0.9063999783992768,64.13615560531616
pretrain,75,0.0032027084799847215,4874.31982421875,4982018048.0,0.0032027084799847215,0.0,0.0,0.9804888704088,0.015480313182342798,0.9027999770641327,64.2530951499939
pretrain,76,0.0031401737569952577,4874.31982421875,4982018048.0,0.0031401737569952577,0.0,0.0,0.9804666469494502,0.014543438171967864,0.904399973154068,64.33974123001099
pretrain,77,0.0030720140295023967,4874.31982421875,4982018048.0,0.0030720140295023967,0.0,0.0,0.9818444245391422,0.014447500626556576,0.9065999746322632,64.1036307811737
pretrain,78,0.0028156251294421965,4874.31982421875,4982018048.0,0.0028156251294421965,0.0,0.0,0.9831555374463399,0.015088438200764357,0.9029999768733978,64.09103584289551
pretrain,79,0.003003020970940674,4874.31982421875,4982018048.0,0.003003020970940674,0.0,0.0,0.981511092517111,0.016022500745020807,0.8987999790906906,64.30742025375366
pretrain,80,0.0029447223638352526,4874.31982421875,4982018048.0,0.0029447223638352526,0.0,0.0,0.9821333135498894,0.014947813253384084,0.9059999746084213,64.45740818977356
pretrain,81,0.0028259376321430963,4874.31982421875,4982018048.0,0.0028259376321430963,0.0,0.0,0.9835110935237673,0.01452000068500638,0.9081999760866165,64.22683429718018
pretrain,82,0.0028188542948878927,4874.31982421875,4982018048.0,0.0028188542948878927,0.0,0.0,0.983088870048523,0.014667188213206828,0.908399977684021,64.11646604537964
pretrain,83,0.002701389009772457,4874.31982421875,4982018048.0,0.002701389009772457,0.0,0.0,0.9841333148876826,0.016751875830814243,0.8939999771118164,64.01386904716492
pretrain,84,0.0026650348444147514,4874.31982421875,4982018048.0,0.0026650348444147514,0.0,0.0,0.9844222041633394,0.015509375750552864,0.9049999737739562,64.17472314834595
pretrain,85,0.0025904862253729433,4874.31982421875,4982018048.0,0.0025904862253729433,0.0,0.0,0.9841555366913478,0.014858750668354332,0.9051999747753143,63.98399758338928
pretrain,86,0.002377882053212185,4874.31982421875,4982018048.0,0.002377882053212185,0.0,0.0,0.9857333157459894,0.014773438200354577,0.905199978351593,64.00703001022339
pretrain,87,0.002471215395396737,4874.31982421875,4982018048.0,0.002471215395396737,0.0,0.0,0.9852666489945517,0.01508468815125525,0.9041999763250351,64.34836459159851
pretrain,88,0.0023532292694128246,4874.31982421875,4982018048.0,0.0023532292694128246,0.0,0.0,0.9862888718313642,0.014664063174277544,0.910599976181984,64.12730956077576
pretrain,89,0.002447673719571968,4874.31982421875,4982018048.0,0.002447673719571968,0.0,0.0,0.985266648862097,0.014851563205011188,0.9055999755859375,64.1087908744812
pretrain,90,0.002482604280974354,4874.31982421875,4982018048.0,0.002482604280974354,0.0,0.0,0.9851777600579792,0.015433125749696045,0.9007999753952026,64.0516746044159
pretrain,91,0.002219236214586999,4874.31982421875,4982018048.0,0.002219236214586999,0.0,0.0,0.9866222045156691,0.014464688177686185,0.9093999779224395,64.45306849479675
pretrain,92,0.002126215375869328,4874.31982421875,4982018048.0,0.002126215375869328,0.0,0.0,0.9882222061024771,0.014843125664629041,0.9061999756097794,63.98597955703735
pretrain,93,0.002223125102407519,4874.31982421875,4982018048.0,0.002223125102407519,0.0,0.0,0.9869777607255512,0.015485000726766885,0.904799975156784,64.23654627799988
pretrain,94,0.002016180645453763,4874.31982421875,4982018048.0,0.002016180645453763,0.0,0.0,0.9882222056388855,0.013385938116698526,0.9173999756574631,64.44742059707642
pretrain,95,0.001973888979134952,4874.31982421875,4982018048.0,0.001973888979134952,0.0,0.0,0.9882888731029299,0.014985625713597983,0.9055999803543091,63.87768316268921
pretrain,96,0.002143715377711083,4874.31982421875,4982018048.0,0.002143715377711083,0.0,0.0,0.9876444280147553,0.014342813193798066,0.9129999762773514,64.1978931427002
pretrain,97,0.001998055649055459,4874.31982421875,4982018048.0,0.001998055649055459,0.0,0.0,0.9883555407656563,0.01459406315581873,0.9095999747514725,64.00714087486267
pretrain,98,0.0019944792575511705,4874.31982421875,4982018048.0,0.0019944792575511705,0.0,0.0,0.9883110951715045,0.014833438207861037,0.9079999750852585,64.12999033927917
pretrain,99,0.001865868138160699,4874.31982421875,4982018048.0,0.001865868138160699,0.0,0.0,0.9893555410703023,0.01433031322201714,0.9101999765634536,64.12733244895935
pretrain,100,0.0019503820359022938,4874.31982421875,4982018048.0,0.0019503820359022938,0.0,0.0,0.9886222073104647,0.01584906328469515,0.9023999774456024,64.27155232429504
pretrain,101,0.001819027864601392,4874.31982421875,4982018048.0,0.001819027864601392,0.0,0.0,0.9895999858776728,0.014533438230864703,0.909999977350235,64.20098876953125
pretrain,102,0.0018200695258888623,4874.31982421875,4982018048.0,0.0018200695258888623,0.0,0.0,0.9896888746155633,0.015084375666920096,0.909399978518486,63.90554904937744
pretrain,103,0.0017754514694428912,4874.31982421875,4982018048.0,0.0017754514694428912,0.0,0.0,0.9895999853478538,0.014378125644288958,0.9081999784708024,64.12142562866211
pretrain,104,0.001769166746845359,4874.31982421875,4982018048.0,0.001769166746845359,0.0,0.0,0.9899555412928264,0.015240625764708965,0.9057999765872955,64.187584400177
pretrain,105,0.0017179167445930134,4874.31982421875,4982018048.0,0.0017179167445930134,0.0,0.0,0.9901333199607001,0.013828750622924418,0.9119999748468399,64.4089138507843
pretrain,106,0.0017227431324297665,4874.31982421875,4982018048.0,0.0017227431324297665,0.0,0.0,0.9900444300307167,0.014000313151627778,0.9107999783754349,63.85547065734863
pretrain,107,0.0015682292376691799,4874.31982421875,4982018048.0,0.0015682292376691799,0.0,0.0,0.9908666536543105,0.014952813147101552,0.9069999766349792,63.82069253921509
pretrain,108,0.0016501736908685416,4874.31982421875,4982018048.0,0.0016501736908685416,0.0,0.0,0.990799986521403,0.014037188179790973,0.9127999758720398,64.24163794517517
pretrain,109,0.0015477084009843465,4874.31982421875,4982018048.0,0.0015477084009843465,0.0,0.0,0.9914888769388199,0.014748438170645386,0.9055999773740768,64.09358239173889
pretrain,110,0.0015454861782968187,4874.31982421875,4982018048.0,0.0015454861782968187,0.0,0.0,0.9911555420027839,0.014274063159245998,0.9125999790430069,64.1801335811615
pretrain,111,0.00163406257545527,4874.31982421875,4982018048.0,0.00163406257545527,0.0,0.0,0.9909777649243673,0.01512000072048977,0.9069999784231186,64.27851843833923
pretrain,112,0.0014709375653102243,4874.31982421875,4982018048.0,0.0014709375653102243,0.0,0.0,0.9917333211501439,0.015019375723786652,0.9067999768257141,64.17143249511719
pretrain,113,0.0015650000707440389,4874.31982421875,4982018048.0,0.0015650000707440389,0.0,0.0,0.9912444321976768,0.013977813159581274,0.9133999782800675,64.59387302398682
pretrain,114,0.0016144445193034091,4874.31982421875,4982018048.0,0.0016144445193034091,0.0,0.0,0.9907555420531167,0.01449781322851777,0.9093999779224395,64.54696249961853
pretrain,115,0.0014998264596983468,4874.31982421875,4982018048.0,0.0014998264596983468,0.0,0.0,0.9913999876711104,0.014942188221029938,0.9105999773740768,64.13972401618958
pretrain,116,0.0013394097804201818,4874.31982421875,4982018048.0,0.0013394097804201818,0.0,0.0,0.9928444329897562,0.01445562562905252,0.9117999750375748,64.16964745521545
pretrain,117,0.0013811806219059186,4874.31982421875,4982018048.0,0.0013811806219059186,0.0,0.0,0.9922888772355185,0.015523438204545527,0.9045999753475189,64.3797013759613
pretrain,118,0.0013717014514744127,4874.31982421875,4982018048.0,0.0013717014514744127,0.0,0.0,0.9925555443763733,0.014433125652140007,0.9109999752044677,64.17664122581482
pretrain,119,0.0012375000517891345,4874.31982421875,4982018048.0,0.0012375000517891345,0.0,0.0,0.9932666560014088,0.014688438246957957,0.9097999745607376,64.21024060249329
pretrain,120,0.0012316319980082981,4874.31982421875,4982018048.0,0.0012316319980082981,0.0,0.0,0.9935333229435814,0.01552312568295747,0.9011999773979187,64.2554919719696
pretrain,121,0.0014160764529636556,4874.31982421875,4982018048.0,0.0014160764529636556,0.0,0.0,0.9921555437644323,0.014176563171204179,0.9135999751091003,64.55159664154053
pretrain,122,0.0012397222787977726,4874.31982421875,4982018048.0,0.0012397222787977726,0.0,0.0,0.9934444338745541,0.014620000743307174,0.9093999773263931,69.42151379585266
pretrain,123,0.0011385764410564055,4874.31982421875,4982018048.0,0.0011385764410564055,0.0,0.0,0.9939555460876889,0.015187188212294131,0.906599975824356,64.1822452545166
pretrain,124,0.0011635417178210144,4874.31982421875,4982018048.0,0.0011635417178210144,0.0,0.0,0.9937111012803184,0.014734688214957714,0.9141999769210816,64.52340030670166
pretrain,125,0.0012018403316930442,4874.31982421875,4982018048.0,0.0012018403316930442,0.0,0.0,0.9935333236720827,0.01483437569346279,0.9121999770402909,64.29524040222168
pretrain,126,0.00120600700008961,4874.31982421875,4982018048.0,0.00120600700008961,0.0,0.0,0.9934888792037964,0.014585938197560608,0.9113999760150909,63.54392695426941
pretrain,127,0.0011954861654279133,4874.31982421875,4982018048.0,0.0011954861654279133,0.0,0.0,0.993799989687072,0.014637813195586205,0.9105999785661697,63.341827630996704
pretrain,128,0.0012362847799239616,4874.31982421875,4982018048.0,0.0012362847799239616,0.0,0.0,0.9933110999398761,0.013881875611841678,0.9127999758720398,63.29655742645264
pretrain,129,0.0010408681013480722,4874.31982421875,4982018048.0,0.0010408681013480722,0.0,0.0,0.994555546508895,0.014950625714845955,0.9103999745845794,63.3099582195282
pretrain,130,0.001073750050260666,4874.31982421875,4982018048.0,0.001073750050260666,0.0,0.0,0.9944888797071245,0.014371563212480397,0.910599976181984,63.58265781402588
pretrain,131,0.0010104861552341997,4874.31982421875,4982018048.0,0.0010104861552341997,0.0,0.0,0.9947333243820402,0.014452500664629043,0.9151999771595001,63.680026054382324
pretrain,132,0.0011019444958219537,4874.31982421875,4982018048.0,0.0011019444958219537,0.0,0.0,0.9941777682304382,0.01499437566497363,0.9093999761343002,63.318684816360474
pretrain,133,0.0010106250444813568,4874.31982421875,4982018048.0,0.0010106250444813568,0.0,0.0,0.9947999911838108,0.013555938152130693,0.9155999755859375,63.574686765670776
pretrain,134,0.0010182639343515297,4874.31982421875,4982018048.0,0.0010182639343515297,0.0,0.0,0.9944888797071245,0.014300000667572022,0.9163999766111374,64.36589050292969
pretrain,135,0.0010732292166155983,4874.31982421875,4982018048.0,0.0010732292166155983,0.0,0.0,0.9940444350242614,0.013963750712573528,0.9145999771356582,64.0888466835022
pretrain,136,0.0009871180981725854,4874.31982421875,4982018048.0,0.0009871180981725854,0.0,0.0,0.9947333243820402,0.014430625641252845,0.9133999758958816,64.65847277641296
pretrain,137,0.0009089583754636503,4874.31982421875,4982018048.0,0.0009089583754636503,0.0,0.0,0.9952444364627202,0.014396250708959996,0.9125999790430069,64.10872220993042
pretrain,138,0.00086427087240736,4874.31982421875,4982018048.0,0.00086427087240736,0.0,0.0,0.995755548146036,0.01356437560170889,0.9169999754428864,64.09069347381592
pretrain,139,0.0009448264299013923,4874.31982421875,4982018048.0,0.0009448264299013923,0.0,0.0,0.9951555473936928,0.015453125699423254,0.9073999762535095,64.43461561203003
pretrain,140,0.001007777822317924,4874.31982421875,4982018048.0,0.001007777822317924,0.0,0.0,0.995022213657697,0.0140990631445311,0.9145999777317048,64.11953496932983
pretrain,141,0.0008254514269679526,4874.31982421875,4982018048.0,0.0008254514269679526,0.0,0.0,0.9958444370826085,0.01466718818526715,0.9123999744653701,64.13242197036743
pretrain,142,0.0008784028171147738,4874.31982421875,4982018048.0,0.0008784028171147738,0.0,0.0,0.9953555476665497,0.01418750069802627,0.9147999769449234,64.15794634819031
pretrain,143,0.0008396875356872139,4874.31982421875,4982018048.0,0.0008396875356872139,0.0,0.0,0.9959333259529538,0.01394687564112246,0.9155999785661697,64.20127153396606
pretrain,144,0.0008616319827544633,4874.31982421875,4982018048.0,0.0008616319827544633,0.0,0.0,0.9954666588041517,0.013846563140396029,0.9153999781608582,63.989609718322754
pretrain,145,0.0008022222588422463,4874.31982421875,4982018048.0,0.0008022222588422463,0.0,0.0,0.9959333260854085,0.014425000636838376,0.9115999782085419,64.17813992500305
pretrain,146,0.000805000035624188,4874.31982421875,4982018048.0,0.000805000035624188,0.0,0.0,0.9959999931520885,0.013814375686924904,0.9159999763965607,64.62522959709167
pretrain,147,0.0008428125389723896,4874.31982421875,4982018048.0,0.0008428125389723896,0.0,0.0,0.9959333262840907,0.014090938162989914,0.9151999753713608,64.18615889549255
pretrain,148,0.0008312847606066498,4874.31982421875,4982018048.0,0.0008312847606066498,0.0,0.0,0.995688881278038,0.014681875710375608,0.9123999786376953,64.33747935295105
pretrain,149,0.0008525694817702364,4874.31982421875,4982018048.0,0.0008525694817702364,0.0,0.0,0.9954888814025455,0.014251563174184412,0.9151999771595001,64.05508065223694
pretrain,150,0.0007414583652927023,4874.31982421875,4982018048.0,0.0007414583652927023,0.0,0.0,0.996266660226716,0.01407625064253807,0.9123999762535095,64.10255742073059
pretrain,151,0.0007553472564945373,4874.31982421875,4982018048.0,0.0007553472564945373,0.0,0.0,0.9961111044221455,0.014849063165020198,0.9119999760389328,64.20598793029785
pretrain,152,0.0007280208654992748,4874.31982421875,4982018048.0,0.0007280208654992748,0.0,0.0,0.9965777713060379,0.013470625632908195,0.9187999784946441,64.20689630508423
pretrain,153,0.0007635417001155373,4874.31982421875,4982018048.0,0.0007635417001155373,0.0,0.0,0.996422216296196,0.01409875057404861,0.9139999783039093,64.20860123634338
pretrain,154,0.0007173264214199864,4874.31982421875,4982018048.0,0.0007173264214199864,0.0,0.0,0.9964888830979665,0.014331563208252192,0.9145999765396118,64.50527501106262
pretrain,155,0.000665173643085129,4874.31982421875,4982018048.0,0.000665173643085129,0.0,0.0,0.9969555498494043,0.01476125068962574,0.9119999790191651,64.15906739234924
pretrain,156,0.0006863194748358283,4874.31982421875,4982018048.0,0.0006863194748358283,0.0,0.0,0.9969333275821474,0.013821563178207725,0.9133999782800675,64.234050989151
pretrain,157,0.0007221875328630429,4874.31982421875,4982018048.0,0.0007221875328630429,0.0,0.0,0.9965777717034022,0.014376563171390444,0.9127999782562256,64.32596206665039
pretrain,158,0.000681076419823512,4874.31982421875,4982018048.0,0.000681076419823512,0.0,0.0,0.9969111057122548,0.014026875677518546,0.9169999766349792,64.15193438529968
pretrain,159,0.0006861458639792141,4874.31982421875,4982018048.0,0.0006861458639792141,0.0,0.0,0.9967111053731706,0.013994063115678728,0.9135999763011933,64.07415986061096
pretrain,160,0.0006376041954596683,4874.31982421875,4982018048.0,0.0006376041954596683,0.0,0.0,0.9969111056460275,0.015059063239023089,0.9091999769210816,64.26603031158447
pretrain,161,0.0006013889157515627,4874.31982421875,4982018048.0,0.0006013889157515627,0.0,0.0,0.9972888839907116,0.014728750668582506,0.9115999746322632,64.03504920005798
pretrain,162,0.0006423611413346306,4874.31982421875,4982018048.0,0.0006423611413346306,0.0,0.0,0.9969555499156316,0.01418937562732026,0.9135999763011933,64.18492865562439
pretrain,163,0.0006036805819005369,4874.31982421875,4982018048.0,0.0006036805819005369,0.0,0.0,0.9972222169902589,0.014061875650659203,0.9147999781370163,64.71567130088806
pretrain,164,0.0006395139176917534,4874.31982421875,4982018048.0,0.0006395139176917534,0.0,0.0,0.9969111058447097,0.013978750656824558,0.9155999779701233,64.0282974243164
pretrain,165,0.0005952430814310598,4874.31982421875,4982018048.0,0.0005952430814310598,0.0,0.0,0.9972444393899705,0.014867500681430102,0.910199978351593,65.30304670333862
pretrain,166,0.0006747916972866127,4874.31982421875,4982018048.0,0.0006747916972866127,0.0,0.0,0.9965111047029496,0.014176563145592808,0.9147999793291092,64.10137128829956
pretrain,167,0.0005689236367632273,4874.31982421875,4982018048.0,0.0005689236367632273,0.0,0.0,0.9975555508666568,0.014205938128288836,0.9151999753713608,64.4764232635498
pretrain,168,0.0005073264126218014,4874.31982421875,4982018048.0,0.0005073264126218014,0.0,0.0,0.9976666622691684,0.013444375705439597,0.9163999766111374,64.45970630645752
pretrain,169,0.0005343750228591186,4874.31982421875,4982018048.0,0.0005343750228591186,0.0,0.0,0.9975333285331726,0.013812500620260834,0.9181999772787094,64.1633517742157
pretrain,170,0.0005364583568290174,4874.31982421875,4982018048.0,0.0005364583568290174,0.0,0.0,0.997511106464598,0.014129375696647913,0.9155999773740768,64.20367670059204
pretrain,171,0.000578750025496346,4874.31982421875,4982018048.0,0.000578750025496346,0.0,0.0,0.9971777726544274,0.013474375597434118,0.9187999761104584,64.1962320804596
pretrain,172,0.0004839930776830038,4874.31982421875,4982018048.0,0.0004839930776830038,0.0,0.0,0.9977777734729979,0.013558750628726557,0.9177999758720398,64.19782137870789
pretrain,173,0.00048642363283256097,4874.31982421875,4982018048.0,0.00048642363283256097,0.0,0.0,0.9978222182061938,0.014439688245765865,0.913199976682663,64.098712682724
pretrain,174,0.00045520835461502427,4874.31982421875,4982018048.0,0.00045520835461502427,0.0,0.0,0.9980222186115053,0.013773125668521971,0.9159999781847,64.14129328727722
pretrain,175,0.0004509027992753545,4874.31982421875,4982018048.0,0.0004509027992753545,0.0,0.0,0.9979777740769916,0.014109375632833689,0.9153999787569046,64.25384044647217
pretrain,176,0.0004493055747904388,4874.31982421875,4982018048.0,0.0004493055747904388,0.0,0.0,0.9981111074818505,0.013517813184298575,0.9181999754905701,64.04975056648254
pretrain,177,0.000431944463400416,4874.31982421875,4982018048.0,0.000431944463400416,0.0,0.0,0.9982888856861326,0.01402500068419613,0.9151999741792679,64.16170859336853
pretrain,178,0.0004498958534531994,4874.31982421875,4982018048.0,0.0004498958534531994,0.0,0.0,0.9978888848092821,0.013638750677928328,0.9175999766588211,64.0514280796051
pretrain,179,0.00046552085448234315,4874.31982421875,4982018048.0,0.00046552085448234315,0.0,0.0,0.9979333295424779,0.013224688140908256,0.9211999773979187,64.11661458015442
pretrain,180,0.000497604188991924,4874.31982421875,4982018048.0,0.000497604188991924,0.0,0.0,0.9978222180075116,0.013600625675171613,0.918999975323677,63.7755651473999
pretrain,181,0.0005113194678455734,4874.31982421875,4982018048.0,0.0005113194678455734,0.0,0.0,0.9979555518097347,0.013185938175301998,0.9179999727010727,64.05908036231995
pretrain,182,0.000494652800071991,4874.31982421875,4982018048.0,0.000494652800071991,0.0,0.0,0.9979333293437957,0.013810938119422644,0.919199977517128,64.09881210327148
pretrain,183,0.0003843055721234931,4874.31982421875,4982018048.0,0.0003843055721234931,0.0,0.0,0.9985333305597305,0.014226875647436828,0.915599976181984,67.27847695350647
pretrain,184,0.0003868750178298797,4874.31982421875,4982018048.0,0.0003868750178298797,0.0,0.0,0.9984444415569306,0.014189688205951824,0.9127999758720398,63.880128145217896
pretrain,185,0.0004212152946355572,4874.31982421875,4982018048.0,0.0004212152946355572,0.0,0.0,0.9981111074156231,0.013907500674249604,0.9175999772548675,63.9614531993866
pretrain,186,0.0004198611288949097,4874.31982421875,4982018048.0,0.0004198611288949097,0.0,0.0,0.9983111077547073,0.014348438216838986,0.9131999796628952,63.748353481292725
pretrain,187,0.0004140625169505559,4874.31982421875,4982018048.0,0.0004140625169505559,0.0,0.0,0.9984444415569306,0.014451250690035522,0.9137999761104584,66.76179766654968
pretrain,188,0.00039284724076828247,4874.31982421875,4982018048.0,0.00039284724076828247,0.0,0.0,0.9983555523554484,0.014067813148722052,0.9171999764442443,64.23915338516235
pretrain,189,0.0003998611302813515,4874.31982421875,4982018048.0,0.0003998611302813515,0.0,0.0,0.998355552289221,0.013394688129192218,0.9187999796867371,64.31932735443115
pretrain,190,0.000362777793917404,4874.31982421875,4982018048.0,0.000362777793917404,0.0,0.0,0.9987555531660716,0.01303406314458698,0.9227999764680862,64.57645630836487
pretrain,191,0.00044423613170187714,4874.31982421875,4982018048.0,0.00044423613170187714,0.0,0.0,0.9979555519421895,0.013843125654384494,0.9183999764919281,64.12870478630066
pretrain,192,0.00031010418066418626,4874.31982421875,4982018048.0,0.00031010418066418626,0.0,0.0,0.998866664369901,0.013604375589638949,0.9185999763011933,63.9934778213501
pretrain,193,0.0003210069570559426,4874.31982421875,4982018048.0,0.0003210069570559426,0.0,0.0,0.9988222199678422,0.013167813142063096,0.9203999787569046,64.5205454826355
pretrain,194,0.0003700694592084296,4874.31982421875,4982018048.0,0.0003700694592084296,0.0,0.0,0.9982888857523601,0.01398375065298751,0.9153999763727189,64.3894636631012
pretrain,195,0.0003517361282421108,4874.31982421875,4982018048.0,0.0003517361282421108,0.0,0.0,0.9986666640970442,0.013023750620195642,0.9203999757766723,64.41299724578857
pretrain,196,0.0003011805684218416,4874.31982421875,4982018048.0,0.0003011805684218416,0.0,0.0,0.9989555535051557,0.013163438113406301,0.9185999751091003,63.98481750488281
pretrain,197,0.0003365277935396686,4874.31982421875,4982018048.0,0.0003365277935396686,0.0,0.0,0.9987999976343579,0.01386781310196966,0.9165999782085419,66.06327533721924
pretrain,198,0.0003380555698822718,4874.31982421875,4982018048.0,0.0003380555698822718,0.0,0.0,0.9986888864305284,0.013317188115324825,0.9205999755859375,63.94292688369751
pretrain,199,0.00033920140375105095,4874.31982421875,4982018048.0,0.00033920140375105095,0.0,0.0,0.9986888862980736,0.013406250670086592,0.918599978685379,63.95536828041077
pretrain,200,0.00033913196028960456,4874.31982421875,4982018048.0,0.00033913196028960456,0.0,0.0,0.998666664229499,0.013987813144922256,0.9183999758958816,64.02793717384338
pretrain,201,0.0002955208468119963,4874.31982421875,4982018048.0,0.0002955208468119963,0.0,0.0,0.9989333311716716,0.01369906317209825,0.9177999782562256,63.98510003089905
pretrain,202,0.0002790972339668466,4874.31982421875,4982018048.0,0.0002790972339668466,0.0,0.0,0.998933331237899,0.013602500637061895,0.9195999759435654,63.97734236717224
pretrain,203,0.00033520834783202087,4874.31982421875,4982018048.0,0.00033520834783202087,0.0,0.0,0.9986222194963031,0.013611875695060007,0.916999980211258,64.20441579818726
pretrain,204,0.0002863889012425918,4874.31982421875,4982018048.0,0.0002863889012425918,0.0,0.0,0.998866664369901,0.013886875638272613,0.9167999738454818,64.45595741271973
pretrain,205,0.0002917014015232174,4874.31982421875,4982018048.0,0.0002917014015232174,0.0,0.0,0.9989777757724126,0.013627813116181641,0.9177999782562256,64.02162528038025
pretrain,206,0.0002803819571312892,4874.31982421875,4982018048.0,0.0002803819571312892,0.0,0.0,0.9990444425741831,0.013654688145034016,0.9191999763250351,64.10927248001099
pretrain,207,0.0002787152898114679,4874.31982421875,4982018048.0,0.0002787152898114679,0.0,0.0,0.999022220439381,0.014239375678589567,0.9129999774694443,64.15120077133179
pretrain,208,0.00024034723291050696,4874.31982421875,4982018048.0,0.00024034723291050696,0.0,0.0,0.9991555539104674,0.013325000549666583,0.9185999780893326,64.1034746170044
pretrain,209,0.0002507291774721428,4874.31982421875,4982018048.0,0.0002507291774721428,0.0,0.0,0.9990888871086968,0.013772188203874975,0.9159999758005142,64.02945280075073
pretrain,210,0.0002512847328519759,4874.31982421875,4982018048.0,0.0002512847328519759,0.0,0.0,0.9991555538442399,0.01274562557344325,0.923399977684021,64.35135507583618
pretrain,211,0.0002007986202079337,4874.31982421875,4982018048.0,0.0002007986202079337,0.0,0.0,0.9995555547210905,0.013919375645928085,0.9165999764204025,64.07771229743958
pretrain,212,0.0002528472328453467,4874.31982421875,4982018048.0,0.0002528472328453467,0.0,0.0,0.9989999980396694,0.012877813105005772,0.923599978685379,64.36621427536011
pretrain,213,0.00023281250975641242,4874.31982421875,4982018048.0,0.00023281250975641242,0.0,0.0,0.999288887447781,0.012902813106775284,0.9209999740123749,64.37198114395142
pretrain,214,0.0002471875115265397,4874.31982421875,4982018048.0,0.0002471875115265397,0.0,0.0,0.9991777761114968,0.013752188133075834,0.9177999770641327,64.07576131820679
pretrain,215,0.00023149306533418388,4874.31982421875,4982018048.0,0.00023149306533418388,0.0,0.0,0.9991999984449811,0.01334375059697777,0.9195999777317048,63.98710656166077
pretrain,216,0.00023406251068485695,4874.31982421875,4982018048.0,0.00023406251068485695,0.0,0.0,0.9991777762439515,0.013925625684205443,0.9171999770402909,64.47734808921814
pretrain,217,0.00022472223218452807,4874.31982421875,4982018048.0,0.00022472223218452807,0.0,0.0,0.9993333319822947,0.013598750594537705,0.9165999764204025,64.14367365837097
pretrain,218,0.0002315277885807316,4874.31982421875,4982018048.0,0.0002315277885807316,0.0,0.0,0.9993333319822947,0.013783438107930123,0.9173999780416489,63.954907178878784
pretrain,219,0.00021250001077229778,4874.31982421875,4982018048.0,0.00021250001077229778,0.0,0.0,0.9992888875802358,0.013605313156731427,0.9197999781370163,64.0588653087616
pretrain,220,0.00019357639729100307,4874.31982421875,4982018048.0,0.00019357639729100307,0.0,0.0,0.99948888791932,0.013757500688079745,0.9165999752283096,64.0476758480072
pretrain,221,0.00020197917514047328,4874.31982421875,4982018048.0,0.00020197917514047328,0.0,0.0,0.9993555543157789,0.014096563179045916,0.9141999763250351,64.38547563552856
pretrain,222,0.000244236121798167,4874.31982421875,4982018048.0,0.000244236121798167,0.0,0.0,0.9991777761114968,0.012918125570286066,0.9199999803304673,64.02383732795715
pretrain,223,0.0001671527848237828,4874.31982421875,4982018048.0,0.0001671527848237828,0.0,0.0,0.9996888882584042,0.013081250560935587,0.9207999777793884,65.34431624412537
pretrain,224,0.00018611111954265248,4874.31982421875,4982018048.0,0.00018611111954265248,0.0,0.0,0.9995111101865768,0.013351875592488795,0.9213999783992768,64.03042936325073
pretrain,225,0.0002136805652440267,4874.31982421875,4982018048.0,0.0002136805652440267,0.0,0.0,0.9992222206460105,0.014038125609513372,0.9163999801874161,64.20767903327942
pretrain,226,0.00019465278627548186,4874.31982421875,4982018048.0,0.00019465278627548186,0.0,0.0,0.9994666655858357,0.012602188042365015,0.923399977684021,64.74776363372803
pretrain,227,0.00019107639690143212,4874.31982421875,4982018048.0,0.00019107639690143212,0.0,0.0,0.9995333323876063,0.01381593813188374,0.9173999756574631,64.00113224983215
pretrain,228,0.0001738541745402876,4874.31982421875,4982018048.0,0.0001738541745402876,0.0,0.0,0.9996222214566337,0.013754688203334808,0.9195999765396118,64.1030044555664
pretrain,229,0.00015927084063150688,4874.31982421875,4982018048.0,0.00015927084063150688,0.0,0.0,0.9995333323876063,0.013175000622868537,0.9221999770402909,64.4511468410492
pretrain,230,0.00016520834069120205,4874.31982421875,4982018048.0,0.00016520834069120205,0.0,0.0,0.9995333324538337,0.013064688136801124,0.9219999754428864,64.05190086364746
pretrain,231,0.00016131945117700121,4874.31982421875,4982018048.0,0.00016131945117700121,0.0,0.0,0.9995999992556042,0.013416563069913536,0.9199999779462814,64.09812188148499
pretrain,232,0.0002084722320149821,4874.31982421875,4982018048.0,0.0002084722320149821,0.0,0.0,0.9992444429132673,0.014471875678282231,0.9159999775886536,64.45022821426392
pretrain,233,0.0001572569518975797,4874.31982421875,4982018048.0,0.0001572569518975797,0.0,0.0,0.9995777769883474,0.01361593812238425,0.9177999764680862,63.956334829330444
pretrain,234,0.00016718750767823721,4874.31982421875,4982018048.0,0.00016718750767823721,0.0,0.0,0.9995555547210905,0.013366875662468374,0.921199975013733,64.15500688552856
pretrain,235,0.00016673611773714784,4874.31982421875,4982018048.0,0.00016673611773714784,0.0,0.0,0.9993999988502926,0.013564375636633486,0.9183999758958816,64.12231683731079
pretrain,236,0.00017798611879293782,4874.31982421875,4982018048.0,0.00017798611879293782,0.0,0.0,0.9993999987840653,0.0134875006088987,0.9201999753713608,64.01203060150146
pretrain,237,0.00015861111768269135,4874.31982421875,4982018048.0,0.00015861111768269135,0.0,0.0,0.9995333323876063,0.013223438090644777,0.9227999770641326,64.0013792514801
pretrain,238,0.00014309028448123071,4874.31982421875,4982018048.0,0.00014309028448123071,0.0,0.0,0.9996222214566337,0.013431563137564807,0.9201999789476395,64.05751037597656
pretrain,239,0.0001323263951619285,4874.31982421875,4982018048.0,0.0001323263951619285,0.0,0.0,0.9997555550601748,0.013130938089452683,0.919999977350235,64.45660710334778
pretrain,240,0.00014732639524380728,4874.31982421875,4982018048.0,0.00014732639524380728,0.0,0.0,0.9995555547210905,0.013360313184093683,0.921199975013733,64.17975354194641
pretrain,241,0.00014250000655415028,4874.31982421875,4982018048.0,0.00014250000655415028,0.0,0.0,0.99957777692212,0.013833750691264867,0.916799978017807,64.7951979637146
pretrain,242,0.0001547916734731795,4874.31982421875,4982018048.0,0.0001547916734731795,0.0,0.0,0.9995777770545747,0.013000000604661182,0.9255999749898911,64.24569392204285
pretrain,243,0.00014812500647773657,4874.31982421875,4982018048.0,0.00014812500647773657,0.0,0.0,0.99948888791932,0.013442813116125763,0.9191999757289886,64.4639048576355
pretrain,244,0.00014388889552113444,4874.31982421875,4982018048.0,0.00014388889552113444,0.0,0.0,0.9996222214566337,0.012945313123054802,0.9251999789476395,68.22292637825012
pretrain,245,0.00012972222783800034,4874.31982421875,4982018048.0,0.00012972222783800034,0.0,0.0,0.9996444437238905,0.013037813119590283,0.9237999773025513,64.27212929725647
pretrain,246,0.00010965278262624957,4874.31982421875,4982018048.0,0.00010965278262624957,0.0,0.0,0.9997111105256611,0.013379688085988163,0.9225999784469604,64.24658274650574
pretrain,247,0.0001329513942416977,4874.31982421875,4982018048.0,0.0001329513942416977,0.0,0.0,0.9996444437238905,0.012795313133392484,0.9237999790906906,64.02989292144775
pretrain,248,0.00012451389450385855,4874.31982421875,4982018048.0,0.00012451389450385855,0.0,0.0,0.9997111105256611,0.01309687561588362,0.9211999768018723,67.21021580696106
pretrain,249,0.00014607639515614007,4874.31982421875,4982018048.0,0.00014607639515614007,0.0,0.0,0.9996222214566337,0.013121563107706607,0.9195999765396118,64.5061731338501
pretrain,250,0.00011482639359908514,4874.31982421875,4982018048.0,0.00011482639359908514,0.0,0.0,0.9997777773274316,0.013321875685360283,0.9223999762535096,64.3510947227478
pretrain,251,0.00012111111639064297,4874.31982421875,4982018048.0,0.00012111111639064297,0.0,0.0,0.9997333327929179,0.012835938110947609,0.9217999762296677,64.1681580543518
pretrain,252,0.00012940972777060879,4874.31982421875,4982018048.0,0.00012940972777060879,0.0,0.0,0.9996666660573748,0.01372781313257292,0.9191999763250351,64.34954762458801
pretrain,253,0.00011388889364752686,4874.31982421875,4982018048.0,0.00011388889364752686,0.0,0.0,0.9997333327929179,0.013547813124023377,0.9181999760866165,64.18683862686157
pretrain,254,0.00011100694997569209,4874.31982421875,4982018048.0,0.00011100694997569209,0.0,0.0,0.9997333327929179,0.012883750665932893,0.9235999757051467,64.40479731559753
pretrain,255,0.00012673611624146967,4874.31982421875,4982018048.0,0.00012673611624146967,0.0,0.0,0.9996888882584042,0.013292188136838377,0.9207999783754349,64.13285064697266
pretrain,256,0.00013177083946680393,4874.31982421875,4982018048.0,0.00013177083946680393,0.0,0.0,0.9996222214566337,0.012740625583101064,0.9235999768972397,64.41531705856323
pretrain,257,0.00011086806048600314,4874.31982421875,4982018048.0,0.00011086806048600314,0.0,0.0,0.9997777773274316,0.012981875652913004,0.9227999764680862,64.1830632686615
pretrain,258,0.00010826389332780511,4874.31982421875,4982018048.0,0.00010826389332780511,0.0,0.0,0.9997555550601748,0.012628438132815063,0.9263999760150909,64.93572187423706
pretrain,259,0.00011430555974786532,4874.31982421875,4982018048.0,0.00011430555974786532,0.0,0.0,0.9997111105256611,0.012700938126072288,0.9239999777078629,64.13833165168762
pretrain,260,0.00010420139363607935,4874.31982421875,4982018048.0,0.00010420139363607935,0.0,0.0,0.9998222218619452,0.013165625697001814,0.9219999754428864,64.11075329780579
pretrain,261,0.00010968750472885505,4874.31982421875,4982018048.0,0.00010968750472885505,0.0,0.0,0.9997111105918884,0.012944063073955476,0.924199977517128,64.00923156738281
pretrain,262,0.00012607639427895064,4874.31982421875,4982018048.0,0.00012607639427895064,0.0,0.0,0.9996666660573748,0.013234375619795173,0.921199980378151,64.14511609077454
pretrain,263,0.0001075347265699141,4874.31982421875,4982018048.0,0.0001075347265699141,0.0,0.0,0.9997999995946885,0.012648125623818486,0.9269999790191651,64.40819811820984
pretrain,264,0.00010461806018105967,4874.31982421875,4982018048.0,0.00010461806018105967,0.0,0.0,0.9997333327929179,0.013068750586826354,0.9239999759197235,64.0576102733612
pretrain,265,9.100694858918561e-05,4874.31982421875,4982018048.0,9.100694858918561e-05,0.0,0.0,0.9998666663964589,0.012923750609625131,0.923199976682663,64.16418433189392
pretrain,266,9.64583373691615e-05,4874.31982421875,4982018048.0,9.64583373691615e-05,0.0,0.0,0.9997555550601748,0.012990625624079257,0.9233999758958816,64.2323682308197
pretrain,267,9.500000401910964e-05,4874.31982421875,4982018048.0,9.500000401910964e-05,0.0,0.0,0.9998444441292021,0.012807188075967132,0.924999977350235,64.45778727531433
pretrain,268,9.545139294964935e-05,4874.31982421875,4982018048.0,9.545139294964935e-05,0.0,0.0,0.9998222218619452,0.012579375575296581,0.925799977183342,64.13096404075623
pretrain,269,9.902778170928488e-05,4874.31982421875,4982018048.0,9.902778170928488e-05,0.0,0.0,0.9997777773274316,0.013163750609382987,0.9231999796628952,64.06343197822571
pretrain,270,9.368055939072898e-05,4874.31982421875,4982018048.0,9.368055939072898e-05,0.0,0.0,0.9998222218619452,0.012817188205663115,0.925799977183342,64.00824975967407
pretrain,271,8.513889212432938e-05,4874.31982421875,4982018048.0,8.513889212432938e-05,0.0,0.0,0.9998444441292021,0.01313843813026324,0.9223999798297882,64.3417615890503
pretrain,272,8.253472564522073e-05,4874.31982421875,4982018048.0,8.253472564522073e-05,0.0,0.0,0.9998444441292021,0.012578125591389835,0.9255999773740768,64.00511026382446
pretrain,273,9.798611520333604e-05,4874.31982421875,4982018048.0,9.798611520333604e-05,0.0,0.0,0.9997555550601748,0.013238125685602427,0.9229999774694443,64.47215938568115
pretrain,274,9.319444893561822e-05,4874.31982421875,4982018048.0,9.319444893561822e-05,0.0,0.0,0.9997999995946885,0.013003125637769699,0.9229999780654907,64.26023411750793
pretrain,275,8.256944797418933e-05,4874.31982421875,4982018048.0,8.256944797418933e-05,0.0,0.0,0.9998222218619452,0.012686250631231815,0.9261999809741974,64.11870074272156
pretrain,276,8.947917076309548e-05,4874.31982421875,4982018048.0,8.947917076309548e-05,0.0,0.0,0.9997999995946885,0.013221250611823053,0.9239999771118164,64.14497327804565
pretrain,277,7.986111439903552e-05,4874.31982421875,4982018048.0,7.986111439903552e-05,0.0,0.0,0.9998666663964589,0.012847500615753233,0.9261999785900116,64.07798147201538
pretrain,278,9.211805923971243e-05,4874.31982421875,4982018048.0,9.211805923971243e-05,0.0,0.0,0.9997555550601748,0.013037813117261977,0.9239999759197235,64.54461002349854
pretrain,279,8.395833679161216e-05,4874.31982421875,4982018048.0,8.395833679161216e-05,0.0,0.0,0.9998222218619452,0.012654375643469393,0.9255999767780304,64.07010054588318
pretrain,280,8.444444820472402e-05,4874.31982421875,4982018048.0,8.444444820472402e-05,0.0,0.0,0.9998666663964589,0.012670938089722767,0.9261999768018723,64.1571638584137
pretrain,281,8.822917077648324e-05,4874.31982421875,4982018048.0,8.822917077648324e-05,0.0,0.0,0.9998444441292021,0.012936875647865236,0.9239999753236771,64.325514793396
pretrain,282,7.625000331043137e-05,4874.31982421875,4982018048.0,7.625000331043137e-05,0.0,0.0,0.9998666663964589,0.012918438136111945,0.9233999770879745,64.14955067634583
pretrain,283,7.656250338994949e-05,4874.31982421875,4982018048.0,7.656250338994949e-05,0.0,0.0,0.9998888886637158,0.013220938174054026,0.9223999792337417,64.35643124580383
pretrain,284,7.708333707139698e-05,4874.31982421875,4982018048.0,7.708333707139698e-05,0.0,0.0,0.9998222218619452,0.01310718807624653,0.9215999776124955,65.20766830444336
pretrain,285,8.86805592462123e-05,4874.31982421875,4982018048.0,8.86805592462123e-05,0.0,0.0,0.9997555550601748,0.012646875618956983,0.9237999761104584,64.52981233596802
pretrain,286,7.284722525380655e-05,4874.31982421875,4982018048.0,7.284722525380655e-05,0.0,0.0,0.9998666663964589,0.012366563079413027,0.927399976849556,64.92976307868958
pretrain,287,8.33680595719165e-05,4874.31982421875,4982018048.0,8.33680595719165e-05,0.0,0.0,0.9998888886637158,0.012832500636577607,0.9245999771356582,64.74384903907776
pretrain,288,8.670139213791117e-05,4874.31982421875,4982018048.0,8.670139213791117e-05,0.0,0.0,0.9998444441292021,0.012784063089638949,0.9249999779462814,64.13877987861633
pretrain,289,7.510416970439514e-05,4874.31982421875,4982018048.0,7.510416970439514e-05,0.0,0.0,0.9999111109309726,0.013626875588670373,0.919799975156784,64.18319010734558
pretrain,290,8.638889257579447e-05,4874.31982421875,4982018048.0,8.638889257579447e-05,0.0,0.0,0.9998222218619452,0.013222500644624234,0.9217999792098999,65.15097045898438
pretrain,291,7.788194781622021e-05,4874.31982421875,4982018048.0,7.788194781622021e-05,0.0,0.0,0.9998444441292021,0.012820938054937869,0.9235999780893326,65.62497663497925
pretrain,292,7.243055861585566e-05,4874.31982421875,4982018048.0,7.243055861585566e-05,0.0,0.0,0.9999111109309726,0.013006563077215105,0.9231999748945237,65.480135679245
pretrain,293,7.763889215210738e-05,4874.31982421875,4982018048.0,7.763889215210738e-05,0.0,0.0,0.9998222218619452,0.012496250618714838,0.9261999773979187,65.5624053478241
pretrain,294,7.854166977873926e-05,4874.31982421875,4982018048.0,7.854166977873926e-05,0.0,0.0,0.9997999995946885,0.012717813123017549,0.9249999791383743,65.72171425819397
pretrain,295,9.006944849210816e-05,4874.31982421875,4982018048.0,9.006944849210816e-05,0.0,0.0,0.9998222218619452,0.01260187556501478,0.9251999777555465,65.44310545921326
pretrain,296,6.753472507423592e-05,4874.31982421875,4982018048.0,6.753472507423592e-05,0.0,0.0,0.9999111109309726,0.012281250543892383,0.9285999768972397,65.54190397262573
pretrain,297,7.833333658102977e-05,4874.31982421875,4982018048.0,7.833333658102977e-05,0.0,0.0,0.9998222218619452,0.012357813122216612,0.9257999801635742,65.78515887260437
pretrain,298,7.975694811143006e-05,4874.31982421875,4982018048.0,7.975694811143006e-05,0.0,0.0,0.9998444441292021,0.012914375623222441,0.9243999773263931,65.62844848632812
pretrain,299,6.875000315226822e-05,4874.31982421875,4982018048.0,6.875000315226822e-05,0.0,0.0,0.9999333331982295,0.01248593813739717,0.9271999800205231,65.36692380905151
pretrain,300,6.916666974979712e-05,4874.31982421875,4982018048.0,6.916666974979712e-05,0.0,0.0,0.9999111109309726,0.0131493756105192,0.9229999750852584,65.55243873596191
bayesian_train,1,0.004305833533063479,4875.4144319661455,4982039022.933333,0.004305833533063479,0.0,0.0,0.9741777575016022,0.018235625838860868,0.8899999761581421,76.64759111404419
bayesian_train,2,0.004552708540241939,4267.312361653646,4974187654.257778,37.93621896531847,0.008888888888888889,0.0,0.9730222010612488,0.016887188307009637,0.8937999749183655,75.62990283966064
bayesian_train,3,0.004507743275365404,3299.741217176649,4954044358.542222,58.666575241088864,0.017777777777777778,0.0,0.9743333122465345,0.017463438264094293,0.8983999770879746,78.72513318061829
bayesian_train,4,0.0060225002703373325,2379.2509487575953,4919120480.711111,63.4527160220676,0.02666666666666667,0.0,0.9678444224596023,0.021910625989548863,0.8943999773263931,75.07234311103821
bayesian_train,5,0.008034653160591713,1646.3206924099393,4865257532.871111,58.54388287438287,0.035555555555555556,0.0,0.9590888661808438,0.0319618765078485,0.8767999762296677,75.03901958465576
bayesian_train,6,0.010780313019382043,1133.9234003363715,4788837286.684444,50.40737710316976,0.044444444444444446,0.0,0.9486666435665555,0.03828375162556767,0.8363999754190445,75.00746297836304
bayesian_train,7,0.013019722822743158,788.9540124511718,4685115648.0,42.09056813981798,0.05333333333333334,0.0,0.9372221993075477,0.049834064804017544,0.7485999804735184,78.26748180389404
bayesian_train,8,0.016009236859778564,555.1758401828342,4548272946.631111,34.56028465270996,0.06222222222222223,0.0,0.9181999768813451,0.0536625025421381,0.6691999840736389,75.09683346748352
bayesian_train,9,0.018875174486699203,394.4506835598416,4372543720.391111,28.06870227177938,0.07111111111111111,0.0,0.8992221985260646,0.08898125417530536,0.2611999934911728,74.96724462509155
bayesian_train,10,0.021994827428004807,282.57986072116427,4153539847.3955555,22.628383151160346,0.08000000000000002,0.0,0.8779999755488501,0.10000031404197215,0.09759999725967645,75.04746103286743
bayesian_train,11,0.02534680672093398,203.94620866563585,3889649685.902222,18.153899148305257,0.08888888888888889,0.0,0.8549110857645671,0.10000000149011612,0.09759999725967645,74.96924161911011
bayesian_train,12,0.028189445808529855,148.2089609951443,3583297107.057778,14.519732106526693,0.09777777777777778,0.0,0.8355999759833018,0.10000000149011612,0.09759999725967645,75.35884809494019
bayesian_train,13,0.031404654261552624,108.39927759806315,3241710102.1866665,11.593994529512193,0.10666666666666667,0.0,0.8106666430499818,0.10000000149011612,0.09759999725967645,75.0781672000885
bayesian_train,14,0.03437673774237434,79.77432640075683,2876894389.76,9.252743277549744,0.11555555555555555,0.0,0.7924888665146298,0.10000000149011612,0.09759999725967645,74.99557089805603
bayesian_train,15,0.0372209392570787,59.046303304036456,2503697464.6044445,7.385205525292291,0.12444444444444445,0.0,0.7698666467269262,0.10000000149011612,0.09759999725967645,75.72377610206604
bayesian_train,16,0.03974788381200698,43.93353958977593,2137778280.248889,5.897553465101454,0.13333333333333333,0.0,0.7561999832921558,0.10000000149011612,0.09759999725967645,76.20015335083008
bayesian_train,17,0.04295441170947419,32.865366049872506,1793752571.1644444,4.717139922777812,0.14222222222222222,0.0,0.7327333177460564,0.10000000149011612,0.09759999725967645,75.01060342788696
bayesian_train,18,0.045928404968645836,24.701218503316245,1481627525.6888888,3.778556979497274,0.1511111111111111,0.0,0.713777762055397,0.10000000149011612,0.09759999725967645,74.97002506256104
bayesian_train,19,0.0494699677079916,18.659667803446453,1208113259.6622221,3.0350167528788248,0.16000000000000003,0.0,0.6875333190626568,0.10000000149011612,0.09759999725967645,75.01741909980774
bayesian_train,20,0.05287580113444063,14.159932839075724,974631918.1511111,2.444331023693085,0.1688888888888889,0.0,0.660244430369801,0.10000000149011612,0.09759999725967645,74.73513746261597
bayesian_train,21,0.05605330132361915,10.796784703996446,780064502.1155555,1.9754817411634658,0.17777777777777778,0.0,0.6333333174056477,0.10000000149011612,0.09759999725967645,74.8313000202179
bayesian_train,22,0.05996097499297725,8.271171440548367,620794080.7822223,1.6039129829406737,0.18666666666666668,0.0,0.5980666511588626,0.10000000149011612,0.09759999725967645,74.99361658096313
bayesian_train,23,0.06374507252954774,6.36551410039266,492199745.5644444,1.3085567002826266,0.19555555555555557,0.0,0.5608888740340868,0.10000000149011612,0.09759999725967645,75.05846047401428
bayesian_train,24,0.0671531628527575,4.922518834008111,389531267.9822222,1.0735347620646158,0.20444444444444443,0.0,0.5246666524145338,0.10000000149011612,0.09759999725967645,74.97980976104736
bayesian_train,25,0.0702466005542212,3.824022930198246,308078189.04888886,0.8860381772120793,0.21333333333333335,0.0,0.4910888750023312,0.10000000149011612,0.09759999725967645,75.0450370311737
bayesian_train,26,0.0734068438410759,2.985590158038669,243870552.90666667,0.7368713306056128,0.22222222222222224,0.0,0.453911098457045,0.10000000149011612,0.09759999725967645,74.93152379989624
bayesian_train,27,0.07670087174408965,2.341617934703827,193309014.38222224,0.6178747902313868,0.2311111111111111,0.0,0.4109333221448792,0.10000000149011612,0.09759999725967645,74.86317920684814
bayesian_train,28,0.07932351058555974,1.8459343189663358,153629997.8311111,0.5223477384448052,0.24,0.0,0.3758888789017995,0.10000000149011612,0.09759999725967645,75.04164242744446
bayesian_train,29,0.08125719137489795,1.462529881397883,122469920.43555556,0.44526463823186024,0.2488888888888889,0.0,0.3493555463022656,0.10000000149011612,0.09759999725967645,74.9482524394989
bayesian_train,30,0.08356111518210835,1.1646114161279466,97975016.12444444,0.3837720608048969,0.25777777777777783,0.0,0.31726665845347773,0.10000000149011612,0.09759999725967645,75.0109703540802
bayesian_train,31,0.08561555956800779,0.9323173251416949,78703516.81777778,0.3342335247993469,0.26666666666666666,0.0,0.28628888175719314,0.10000000149011612,0.09759999725967645,75.20421314239502
bayesian_train,32,0.08738951803909407,0.7501237625545926,63488794.53777778,0.2940902848376168,0.27555555555555555,0.0,0.25951110451171794,0.10000000149011612,0.09759999725967645,74.9607527256012
bayesian_train,33,0.08838354599144724,0.6070951595571306,51469853.06666667,0.26106839559144446,0.28444444444444444,0.0,0.2455333266655604,0.10000000149011612,0.09759999725967645,75.40359091758728
bayesian_train,34,0.0895218792061011,0.494116501543257,41932398.53777778,0.23446271389722825,0.29333333333333333,0.0,0.22964443860782519,0.10000000149011612,0.09759999725967645,74.85598826408386
bayesian_train,35,0.09061483065287272,0.4088507435719172,34810779.10222222,0.21417861069242158,0.3022222222222222,0.0,0.20755554976148738,0.10000000149011612,0.09759999725967645,74.97454452514648
bayesian_train,36,0.0914794487423367,0.3880933949020174,33428489.19111111,0.21221962064504624,0.3111111111111111,0.0,0.19744443907919856,0.10000000149011612,0.09759999725967645,74.94148755073547
bayesian_train,37,0.0914406987114085,0.3879547119140625,33426436.0,0.21558620674742593,0.32000000000000006,0.0,0.20048888331072198,0.10000000149011612,0.09759999725967645,74.98871541023254
bayesian_train,38,0.09089819893240929,0.3879547119140625,33426436.0,0.2184921931889322,0.3288888888888889,0.0,0.20519999453590976,0.10000000149011612,0.09759999725967645,76.02235221862793
bayesian_train,39,0.09097972643872101,0.3879547119140625,33426436.0,0.2220222069323063,0.3377777777777778,0.0,0.20224443885187307,0.10000000149011612,0.09759999725967645,74.85716009140015
bayesian_train,40,0.09068042097820175,0.3879547119140625,33426436.0,0.22517138789097468,0.3466666666666667,0.0,0.2055333272864421,0.10000000149011612,0.09759999725967645,76.76532101631165
bayesian_train,41,0.09095382380816672,0.3879547119140625,33426436.0,0.22889327686693933,0.35555555555555557,0.0,0.202688883278105,0.10000000149011612,0.09759999725967645,74.84476947784424
bayesian_train,42,0.09047187942597601,0.3879547119140625,33426436.0,0.23185981896188523,0.36444444444444446,0.0,0.20946666115274032,0.10000000149011612,0.09759999725967645,74.95212435722351
bayesian_train,43,0.09052212224238448,0.3879547119140625,33426436.0,0.23535854818092453,0.37333333333333335,0.0,0.20642221642037234,0.10000000149011612,0.09759999725967645,74.96777057647705
bayesian_train,44,0.09045295567148262,0.3879547119140625,33426436.0,0.23873786790503396,0.38222222222222224,0.0,0.2092444387740559,0.10000000149011612,0.09759999725967645,74.97548842430115
bayesian_train,45,0.0900018445154031,0.3879547119140625,33426436.0,0.2417352432012558,0.39111111111111113,0.0,0.21608888282130162,0.10000000149011612,0.09759999725967645,75.00982332229614
bayesian_train,46,0.0898824000855287,0.3879547119140625,33426436.0,0.24506428493393792,0.4,0.0,0.21622221611440182,0.10000000149011612,0.09759999725967645,74.90898776054382
bayesian_train,47,0.08962000421351857,0.3879547119140625,33426436.0,0.24480188912815518,0.4,0.0,0.21817777174214523,0.10000000149011612,0.09759999725967645,74.99585771560669
bayesian_train,48,0.08934167094528675,0.3879547119140625,33426436.0,0.2445235560172134,0.4,0.0,0.2212666605744097,0.10000000149011612,0.09759999725967645,74.9330108165741
bayesian_train,49,0.08916333763135804,0.3879547119140625,33426436.0,0.2443452224135399,0.4,0.0,0.2213999941572547,0.10000000149011612,0.09759999725967645,75.13701796531677
bayesian_train,50,0.08916937920782302,0.3879547119140625,33426436.0,0.24435126399000487,0.4,0.0,0.2237111049807734,0.10000000149011612,0.09759999725967645,74.77974271774292
bayesian_train,51,0.08894837235411009,0.3879547119140625,33426436.0,0.2441302570866214,0.4,0.0,0.2278444387225641,0.10000000149011612,0.09759999725967645,74.9341230392456
bayesian_train,52,0.08871601113014752,0.3879547119140625,33426436.0,0.24389789602822728,0.4,0.0,0.22933332706905074,0.10000000149011612,0.09759999725967645,74.94061470031738
bayesian_train,53,0.08857052519089646,0.3879547119140625,33426436.0,0.2437524101138115,0.4,0.0,0.22826666086498235,0.10000000149011612,0.09759999725967645,75.06748962402344
bayesian_train,54,0.08828239998055828,0.3879547119140625,33426436.0,0.24346428477101856,0.4,0.0,0.23495554955469236,0.10000000149011612,0.09759999725967645,75.2890305519104
bayesian_train,55,0.0882302124136024,0.3879547119140625,33426436.0,0.2434120970302158,0.4,0.0,0.23508888259943989,0.10000000149011612,0.09759999725967645,78.52035927772522
bayesian_train,56,0.08800069852835603,0.3879547119140625,33426436.0,0.24318258316980468,0.4,0.0,0.23648888292411963,0.10000000149011612,0.09759999725967645,75.38357210159302
bayesian_train,57,0.08791573338210583,0.3879547119140625,33426436.0,0.2430976183546914,0.4,0.0,0.2379999938276079,0.10000000149011612,0.09759999725967645,74.99578046798706
bayesian_train,58,0.08763701803154415,0.3879547119140625,33426436.0,0.24281890284683968,0.4,0.0,0.24344443832006718,0.10000000149011612,0.09759999725967645,75.04076194763184
bayesian_train,59,0.08748899716469977,0.3879547119140625,33426436.0,0.24267088184754054,0.4,0.0,0.24259999365442328,0.10000000149011612,0.09759999725967645,79.63520169258118
bayesian_train,60,0.08756309430632327,0.3879547119140625,33426436.0,0.24274497936169306,0.4,0.0,0.24628888257675702,0.10000000149011612,0.09759999725967645,74.68520879745483
bayesian_train,61,0.08732347634931405,0.3879547119140625,33426436.0,0.24250536105699008,0.4,0.0,0.24599999353703525,0.10000000149011612,0.09759999725967645,75.06476712226868
bayesian_train,62,0.0873422958370712,0.3879547119140625,33426436.0,0.24252418077654309,0.4,0.0,0.2478888824664884,0.10000000149011612,0.09759999725967645,74.98620748519897
bayesian_train,63,0.08732930969032976,0.3879547119140625,33426436.0,0.24251119444767635,0.4,0.0,0.24455554902139637,0.10000000149011612,0.09759999725967645,74.99359822273254
bayesian_train,64,0.08739562912947602,0.3879547119140625,33426436.0,0.24257751393649313,0.4,0.0,0.24431110459897254,0.10000000149011612,0.09759999725967645,75.1622748374939
bayesian_train,65,0.0870131292525265,0.3879547119140625,33426436.0,0.24219501422511205,0.4,0.0,0.2509333266442021,0.10000000149011612,0.09759999725967645,74.95169258117676
bayesian_train,66,0.0870637194150024,0.3879547119140625,33426436.0,0.2422456043958664,0.4,0.0,0.24908888238171736,0.10000000149011612,0.09759999725967645,75.03818821907043
bayesian_train,67,0.08692396254175239,0.3879547119140625,33426436.0,0.24210584733221266,0.4,0.0,0.25028888223071893,0.10000000149011612,0.09759999725967645,76.0354356765747
bayesian_train,68,0.08696125408013662,0.3879547119140625,33426436.0,0.24214313896165954,0.4,0.0,0.24935554880648853,0.10000000149011612,0.09759999725967645,75.30302882194519
bayesian_train,69,0.0868787194457319,0.3879547119140625,33426436.0,0.2420606041782432,0.4,0.0,0.2504444376793173,0.10000000149011612,0.09759999725967645,74.95756435394287
bayesian_train,70,0.0870242748906215,0.3879547119140625,33426436.0,0.24220615941617224,0.4,0.0,0.24942221553789246,0.10000000149011612,0.09759999725967645,74.94438052177429
bayesian_train,71,0.08672701803346475,0.3879547119140625,33426436.0,0.24190890290670924,0.4,0.0,0.2536666601399581,0.10000000149011612,0.09759999725967645,74.99529695510864
bayesian_train,72,0.08682451811101702,0.3879547119140625,33426436.0,0.242006403091881,0.4,0.0,0.2505333269139131,0.10000000149011612,0.09759999725967645,75.06931066513062
bayesian_train,73,0.08692875403496954,0.3879547119140625,33426436.0,0.24211063865158294,0.4,0.0,0.250288882623944,0.10000000149011612,0.09759999725967645,74.99249482154846
bayesian_train,74,0.08697597636116876,0.3879547119140625,33426436.0,0.24215786124269167,0.4,0.0,0.24957777084575758,0.10000000149011612,0.09759999725967645,75.06596612930298
bayesian_train,75,0.08685778187380896,0.3879547119140625,33426436.0,0.2420396666891045,0.4,0.0,0.25266665974424946,0.10000000149011612,0.09759999725967645,75.26992774009705
finetune,1,0.09716833628714085,0.0,0.0,0.09716833628714085,0.0,0.0,0.10017777492602666,0.09163250416517257,0.09759999725967645,57.27811002731323
finetune,2,0.09253139290544722,0.0,0.0,0.09253139290544722,0.0,0.0,0.09939999730636676,0.09163250416517257,0.09759999725967645,50.93427634239197
finetune,3,0.0924879206965367,0.0,0.0,0.0924879206965367,0.0,0.0,0.09953333049598667,0.09338250465691089,0.10239999726414681,50.948752641677856
finetune,4,0.09249535125162867,0.0,0.0,0.09249535125162867,0.0,0.0,0.10099999721265501,0.09259500429034233,0.09759999725967645,50.73533535003662
finetune,5,0.09250326799849669,0.0,0.0,0.09250326799849669,0.0,0.0,0.09971110838982794,0.0952575048059225,0.10639999683946372,50.982117652893066
finetune,6,0.09250979574190246,0.0,0.0,0.09250979574190246,0.0,0.0,0.09982221950673395,0.09268000438809394,0.09759999725967645,50.808706521987915
finetune,7,0.0925889622254504,0.0,0.0,0.0925889622254504,0.0,0.0,0.10008888603498538,0.0944100048393011,0.10239999726414681,50.888760805130005
finetune,8,0.09251174016959138,0.0,0.0,0.09251174016959138,0.0,0.0,0.10164444159302446,0.09141750425100327,0.09759999725967645,50.81855487823486
finetune,9,0.09254569856656922,0.0,0.0,0.09254569856656922,0.0,0.0,0.1009111083091961,0.09440000437200069,0.10639999683946372,51.03751730918884
finetune,10,0.0925030596802632,0.0,0.0,0.0925030596802632,0.0,0.0,0.10164444155577157,0.09242500424385071,0.09759999725967645,50.943517446517944
finetune,11,0.09255444844563802,0.0,0.0,0.09255444844563802,0.0,0.0,0.09979999720636341,0.09631500445306301,0.10239999726414681,51.05636930465698
finetune,12,0.09255979588462247,0.0,0.0,0.09255979588462247,0.0,0.0,0.1004666638871034,0.09431500449776649,0.09759999725967645,50.940698862075806
finetune,13,0.09250896234479215,0.0,0.0,0.09250896234479215,0.0,0.0,0.0995111084356904,0.09260500445961953,0.09759999725967645,50.74428677558899
finetune,14,0.09248937909801801,0.0,0.0,0.09248937909801801,0.0,0.0,0.10106666399372949,0.09454000450670719,0.09759999725967645,50.9758574962616
finetune,15,0.09249000403616163,0.0,0.0,0.09249000403616163,0.0,0.0,0.09859999732010895,0.09448000453412533,0.09759999725967645,50.75715494155884
finetune,16,0.09252958740625117,0.0,0.0,0.09252958740625117,0.0,0.0,0.1008666638409098,0.09802500441670418,0.09759999725967645,51.10649800300598
finetune,17,0.09249868466622299,0.0,0.0,0.09249868466622299,0.0,0.0,0.10179999728169706,0.09506250485777855,0.09759999725967645,51.008208990097046
finetune,18,0.09243292076720132,0.0,0.0,0.09243292076720132,0.0,0.0,0.09988888613051838,0.09732750453054904,0.0941999976336956,51.0348641872406
finetune,19,0.09246194870107703,0.0,0.0,0.09246194870107703,0.0,0.0,0.10013333044532273,0.09350750453770161,0.10639999683946372,50.61474561691284
finetune,20,0.09245687921014097,0.0,0.0,0.09245687921014097,0.0,0.0,0.10002221938222647,0.09821000464260578,0.10239999726414681,50.85922598838806
finetune,21,0.09250764315327009,0.0,0.0,0.09250764315327009,0.0,0.0,0.10024444164087375,0.09724250473082066,0.09759999725967645,51.14705991744995
finetune,22,0.09250257370372614,0.0,0.0,0.09250257370372614,0.0,0.0,0.1011777749326494,0.09325250424444675,0.10239999726414681,50.72603106498718
finetune,23,0.09252590696016948,0.0,0.0,0.09252590696016948,0.0,0.0,0.10046666388296419,0.09163250416517257,0.09759999725967645,50.93658661842346
finetune,24,0.09243007366028097,0.0,0.0,0.09243007366028097,0.0,0.0,0.10173333048406574,0.09062500298023224,0.09759999725967645,50.80738162994385
finetune,25,0.09247437920835283,0.0,0.0,0.09247437920835283,0.0,0.0,0.10006666392915779,0.09062500298023224,0.09759999725967645,51.479655027389526
finetune,26,0.0925152124878433,0.0,0.0,0.0925152124878433,0.0,0.0,0.0994888862222433,0.09062500298023224,0.09759999725967645,50.884891986846924
finetune,27,0.09243507353795899,0.0,0.0,0.09243507353795899,0.0,0.0,0.10046666403611501,0.09062500298023224,0.09759999725967645,50.78970217704773
finetune,28,0.09249312929809093,0.0,0.0,0.09249312929809093,0.0,0.0,0.10077777500781748,0.09062500298023224,0.09759999725967645,50.75203061103821
finetune,29,0.09259055964648724,0.0,0.0,0.09259055964648724,0.0,0.0,0.09953333055393564,0.09062500298023224,0.09759999725967645,50.759369134902954
finetune,30,0.09250208754506375,0.0,0.0,0.09250208754506375,0.0,0.0,0.09946666394670804,0.09062500298023224,0.09759999725967645,50.8860445022583
