layer,channel,ablation_delta,log_alpha
conv_layers.0,0,0.00996359996497631,2.0989553928375244
conv_layers.0,1,0.07736916840076447,2.057310104370117
conv_layers.0,2,0.06199725717306137,2.0291805267333984
conv_layers.0,3,0.0008114378433674574,2.102700710296631
conv_layers.0,4,-0.004584118258208036,2.1216676235198975
conv_layers.0,5,-0.01228790171444416,2.1042232513427734
conv_layers.0,6,-0.010846653021872044,2.1114046573638916
conv_layers.0,7,0.010491996072232723,2.08184552192688
conv_layers.0,8,0.001340730581432581,2.0198659896850586
conv_layers.0,9,0.03155239298939705,2.0157179832458496
conv_layers.0,10,0.016608837991952896,2.038654327392578
conv_layers.0,11,0.04034779220819473,2.0575826168060303
conv_layers.0,12,-0.004402672406286001,2.086958408355713
conv_layers.0,13,0.0026052691973745823,2.0616981983184814
conv_layers.0,14,0.018018489703536034,2.0913262367248535
conv_layers.0,15,0.0014914674684405327,2.0699095726013184
conv_layers.0,16,0.04652628302574158,2.0885233879089355
conv_layers.0,17,0.0017318231984972954,2.054502487182617
conv_layers.0,18,-0.014663148671388626,2.0913825035095215
conv_layers.0,19,0.006794112268835306,2.107841968536377
conv_layers.0,20,0.09848523139953613,2.012606382369995
conv_layers.0,21,-0.010671542957425117,2.0801315307617188
conv_layers.0,22,0.184467613697052,2.024231433868408
conv_layers.0,23,0.0003115120343863964,2.119344711303711
conv_layers.0,24,0.17425069212913513,2.000840902328491
conv_layers.0,25,-0.016817251220345497,2.1043787002563477
conv_layers.0,26,0.1467771679162979,2.0675337314605713
conv_layers.0,27,0.012305589392781258,2.1019320487976074
conv_layers.0,28,0.001132231205701828,2.059521436691284
conv_layers.0,29,-0.001536632888019085,2.0846967697143555
conv_layers.0,30,0.01871437206864357,2.0830440521240234
conv_layers.0,31,0.015509948134422302,1.9904756546020508
conv_layers.0,32,-0.004438847303390503,2.08333683013916
conv_layers.0,33,0.07147011905908585,2.0895278453826904
conv_layers.0,34,0.0002466072328388691,2.0781116485595703
conv_layers.0,35,0.005735677666962147,2.077209949493408
conv_layers.0,36,0.1576603502035141,1.9843274354934692
conv_layers.0,37,-0.010057659819722176,2.0917739868164062
conv_layers.0,38,0.02763373591005802,2.0542044639587402
conv_layers.0,39,0.0059019774198532104,2.096745014190674
conv_layers.0,40,0.08483116328716278,2.007037401199341
conv_layers.0,41,0.030579296872019768,2.070068597793579
conv_layers.0,42,0.031788624823093414,2.0478923320770264
conv_layers.0,43,0.07690932601690292,1.9865425825119019
conv_layers.0,44,0.03709464892745018,1.983521580696106
conv_layers.0,45,-0.017707008868455887,2.105790138244629
conv_layers.0,46,0.1959490329027176,2.026435136795044
conv_layers.0,47,-0.009725655429065228,2.0630581378936768
conv_layers.0,48,-0.0027533844113349915,2.102799892425537
conv_layers.0,49,0.031202014535665512,2.050128698348999
conv_layers.0,50,-0.010058268904685974,2.0757498741149902
conv_layers.0,51,0.0218423493206501,2.11899733543396
conv_layers.0,52,0.015673618763685226,2.108123540878296
conv_layers.0,53,-0.01564865931868553,2.0676772594451904
conv_layers.0,54,0.0213751420378685,2.1145966053009033
conv_layers.0,55,-0.0023619390558451414,2.0073108673095703
conv_layers.0,56,-0.00036876602098345757,2.1006383895874023
conv_layers.0,57,0.2604004740715027,1.9592357873916626
conv_layers.0,58,-0.002131323330104351,2.111406087875366
conv_layers.0,59,0.019503852352499962,2.1180851459503174
conv_layers.0,60,0.04487023502588272,2.0080649852752686
conv_layers.0,61,0.006393031682819128,2.090873956680298
conv_layers.0,62,0.1319454312324524,1.9476845264434814
conv_layers.0,63,0.014178446494042873,2.1195693016052246
conv_layers.1,0,0.07436251640319824,1.9911106824874878
conv_layers.1,1,0.01010989397764206,2.0214734077453613
conv_layers.1,2,0.03522379696369171,2.027005910873413
conv_layers.1,3,0.038906462490558624,2.018861770629883
conv_layers.1,4,0.027292512357234955,1.9652659893035889
conv_layers.1,5,0.00642791111022234,2.000030517578125
conv_layers.1,6,-0.004000533372163773,2.0416009426116943
conv_layers.1,7,0.0012655043974518776,2.0082223415374756
conv_layers.1,8,0.02272050827741623,2.016871213912964
conv_layers.1,9,0.039932917803525925,2.0160069465637207
conv_layers.1,10,0.024713460355997086,2.031660318374634
conv_layers.1,11,-0.004262212663888931,1.9646577835083008
conv_layers.1,12,0.032136157155036926,2.0229785442352295
conv_layers.1,13,0.03303222358226776,1.975138545036316
conv_layers.1,14,0.0008614833932369947,1.9816304445266724
conv_layers.1,15,0.024890566244721413,2.000253200531006
conv_layers.1,16,0.016635678708553314,2.029463529586792
conv_layers.1,17,0.05662576109170914,1.9763402938842773
conv_layers.1,18,0.02720119059085846,2.054262161254883
conv_layers.1,19,0.12224672734737396,1.9376720190048218
conv_layers.1,20,0.1042996272444725,1.9951062202453613
conv_layers.1,21,0.08406087011098862,1.9043842554092407
conv_layers.1,22,0.02824842743575573,2.0218372344970703
conv_layers.1,23,0.01746121048927307,2.007828712463379
conv_layers.1,24,0.009055683389306068,2.0399017333984375
conv_layers.1,25,0.01528369914740324,2.038010597229004
conv_layers.1,26,0.0187261700630188,1.9584919214248657
conv_layers.1,27,0.03500506281852722,2.019622802734375
conv_layers.1,28,0.03008539229631424,2.0154192447662354
conv_layers.1,29,0.02460738644003868,2.0150527954101562
conv_layers.1,30,0.019498726353049278,1.988211750984192
conv_layers.1,31,-0.009883720427751541,2.04315447807312
conv_layers.1,32,0.02356128767132759,2.0086376667022705
conv_layers.1,33,0.038218602538108826,1.9604355096817017
conv_layers.1,34,0.04102146625518799,2.021015167236328
conv_layers.1,35,-0.00027591781690716743,1.955944299697876
conv_layers.1,36,0.03308786079287529,1.998212218284607
conv_layers.1,37,0.04650785028934479,1.945914626121521
conv_layers.1,38,0.033774763345718384,2.0488834381103516
conv_layers.1,39,0.01370485220104456,2.034900426864624
conv_layers.1,40,0.14102622866630554,1.892338514328003
conv_layers.1,41,0.0553574338555336,2.003131866455078
conv_layers.1,42,0.02769341692328453,2.027451276779175
conv_layers.1,43,0.011460544541478157,2.0265467166900635
conv_layers.1,44,0.02989231050014496,1.9520882368087769
conv_layers.1,45,0.028213920071721077,1.9571342468261719
conv_layers.1,46,0.04062415659427643,2.0301475524902344
conv_layers.1,47,0.08548232913017273,1.967976689338684
conv_layers.1,48,0.028149882331490517,1.9815759658813477
conv_layers.1,49,0.05200106278061867,1.9498413801193237
conv_layers.1,50,0.0800374373793602,1.9779080152511597
conv_layers.1,51,0.038357675075531006,1.9756799936294556
conv_layers.1,52,0.015166851691901684,2.037043333053589
conv_layers.1,53,-0.015219571068882942,2.012561798095703
conv_layers.1,54,0.008829901926219463,2.002161741256714
conv_layers.1,55,-0.003233927534893155,1.9686301946640015
conv_layers.1,56,0.018933625891804695,1.9956985712051392
conv_layers.1,57,0.020091066136956215,2.006753444671631
conv_layers.1,58,0.007894666865468025,2.001478433609009
conv_layers.1,59,0.026293214410543442,1.9535439014434814
conv_layers.1,60,0.038368646055459976,1.984352707862854
conv_layers.1,61,0.011150814592838287,2.0042800903320312
conv_layers.1,62,0.004713105037808418,2.0434484481811523
conv_layers.1,63,0.02584223635494709,1.9800721406936646
conv_layers.2,0,6.890762597322464e-05,2.05417799949646
conv_layers.2,2,-0.003346808720380068,2.043679714202881
conv_layers.2,8,0.029977314174175262,2.0622658729553223
conv_layers.2,10,-0.006567526608705521,2.040264844894409
conv_layers.2,11,-0.006914376746863127,2.066929817199707
conv_layers.2,12,0.04024587944149971,2.0384809970855713
conv_layers.2,13,0.033817555755376816,2.051224708557129
conv_layers.2,14,0.016484668478369713,2.0545589923858643
conv_layers.2,15,-0.004660267382860184,2.041614532470703
conv_layers.2,18,-0.006549231242388487,2.037667989730835
conv_layers.2,22,0.006546465214341879,2.0526955127716064
conv_layers.2,23,0.02432280220091343,2.063490390777588
conv_layers.2,25,0.006511739455163479,1.9786194562911987
conv_layers.2,26,0.017014026641845703,2.043639898300171
conv_layers.2,30,0.04364569112658501,2.022833824157715
conv_layers.2,31,0.020148396492004395,2.0349552631378174
conv_layers.2,32,0.017720308154821396,2.0606801509857178
conv_layers.2,33,-0.002578086918219924,1.9901134967803955
conv_layers.2,35,0.01712958514690399,2.033050537109375
conv_layers.2,36,0.023911476135253906,2.0067853927612305
conv_layers.2,37,0.01227485854178667,2.038551092147827
conv_layers.2,38,0.01537814550101757,2.027871608734131
conv_layers.2,39,0.03224095702171326,2.0500853061676025
conv_layers.2,40,0.017040882259607315,2.0296623706817627
conv_layers.2,41,0.001580135663971305,1.976183295249939
conv_layers.2,44,0.02232489362359047,2.032172203063965
conv_layers.2,45,0.0272421482950449,2.055185317993164
conv_layers.2,47,0.019408006221055984,2.038254737854004
conv_layers.2,48,0.028401464223861694,2.0629327297210693
conv_layers.2,51,-0.00471604336053133,2.059048891067505
conv_layers.2,52,0.014913137070834637,2.0599939823150635
conv_layers.2,53,0.014658183790743351,2.031935214996338
conv_layers.2,63,0.010902147740125656,2.0719940662384033
conv_layers.2,65,-0.0028782840818166733,2.0505919456481934
conv_layers.2,66,0.023994747549295425,2.0346879959106445
conv_layers.2,67,0.01478949747979641,2.0428667068481445
conv_layers.2,68,-0.005134982988238335,2.050513505935669
conv_layers.2,69,0.01896969974040985,2.04508638381958
conv_layers.2,71,0.03546299785375595,2.03965425491333
conv_layers.2,72,0.03650160878896713,2.0478768348693848
conv_layers.2,74,0.005721960216760635,2.067826986312866
conv_layers.2,77,-0.01883971132338047,2.019498109817505
conv_layers.2,79,-0.03442281857132912,2.048943281173706
conv_layers.2,84,0.030998170375823975,2.0413718223571777
conv_layers.2,92,0.03561107814311981,2.0534565448760986
conv_layers.2,94,0.03864487260580063,2.021380662918091
conv_layers.2,98,0.016059717163443565,2.052232027053833
conv_layers.2,99,0.03761456161737442,2.0117380619049072
conv_layers.2,101,0.0021379031240940094,2.026658058166504
conv_layers.2,104,0.03699610382318497,2.0388081073760986
conv_layers.2,105,0.019765939563512802,2.032196521759033
conv_layers.2,107,0.009150829166173935,2.0695443153381348
conv_layers.2,109,0.020902322605252266,2.0349085330963135
conv_layers.2,110,0.02556932345032692,2.0028605461120605
conv_layers.2,114,0.005190300289541483,2.061870813369751
conv_layers.2,115,0.026950709521770477,2.0394487380981445
conv_layers.2,116,0.021053336560726166,2.0361273288726807
conv_layers.2,118,0.019829154014587402,2.036548614501953
conv_layers.2,120,0.024313567206263542,2.026279926300049
conv_layers.2,121,0.005472828634083271,2.0301709175109863
conv_layers.2,123,0.010029967874288559,2.0277652740478516
conv_layers.2,125,0.01179785281419754,2.0573055744171143
conv_layers.2,126,0.001245532650500536,2.0447330474853516
conv_layers.2,127,0.031681355088949203,2.011012315750122
conv_layers.3,1,0.023699451237916946,1.9988397359848022
conv_layers.3,3,0.0021523036994040012,1.9765050411224365
conv_layers.3,4,0.018761631101369858,1.978629231452942
conv_layers.3,5,0.005037797149270773,1.9551787376403809
conv_layers.3,6,-0.006274730898439884,2.0028762817382812
conv_layers.3,8,0.013724679127335548,1.9848601818084717
conv_layers.3,9,0.036381613463163376,2.0174596309661865
conv_layers.3,11,-0.008990809321403503,2.026947498321533
conv_layers.3,16,0.017412321642041206,2.035222053527832
conv_layers.3,18,-0.004145211540162563,1.9800139665603638
conv_layers.3,20,0.0019217138178646564,2.0212011337280273
conv_layers.3,21,0.018716977909207344,2.019502878189087
conv_layers.3,27,0.01196938194334507,2.0147135257720947
conv_layers.3,29,0.02094382792711258,1.9885210990905762
conv_layers.3,31,0.008558831177651882,2.021165370941162
conv_layers.3,32,0.03535647690296173,2.0106751918792725
conv_layers.3,33,0.03977370262145996,2.0129549503326416
conv_layers.3,34,0.015179300680756569,2.012585401535034
conv_layers.3,36,0.023380087688565254,2.0220255851745605
conv_layers.3,38,-0.004765716381371021,2.0016543865203857
conv_layers.3,39,0.03504278510808945,2.0439772605895996
conv_layers.3,42,0.009140255860984325,1.9906377792358398
conv_layers.3,43,0.016862696036696434,2.035902261734009
conv_layers.3,44,0.007500560954213142,1.9904216527938843
conv_layers.3,45,0.01898578554391861,2.0295443534851074
conv_layers.3,48,0.04203861951828003,2.0062057971954346
conv_layers.3,51,0.03477456793189049,2.0206658840179443
conv_layers.3,54,0.019464345648884773,2.000401735305786
conv_layers.3,56,0.01426585204899311,2.012476921081543
conv_layers.3,57,0.041241638362407684,1.9964646100997925
conv_layers.3,58,0.010870403610169888,1.9958622455596924
conv_layers.3,59,0.014031002297997475,2.0047388076782227
conv_layers.3,61,0.0245699193328619,2.0132694244384766
conv_layers.3,62,0.02639348991215229,1.9725134372711182
conv_layers.3,64,0.021949732676148415,2.016683578491211
conv_layers.3,67,0.0076390840113162994,1.997241497039795
conv_layers.3,69,0.024896301329135895,2.0140485763549805
conv_layers.3,70,0.033870846033096313,1.9888144731521606
conv_layers.3,71,0.016302254050970078,2.010446548461914
conv_layers.3,74,0.04061637446284294,2.007789373397827
conv_layers.3,79,0.003469991497695446,2.016763925552368
conv_layers.3,80,0.04453538730740547,2.002204418182373
conv_layers.3,82,0.017467614263296127,2.002767324447632
conv_layers.3,84,0.006202090997248888,2.011906623840332
conv_layers.3,88,0.019365260377526283,1.9948244094848633
conv_layers.3,90,0.04009348526597023,2.0132272243499756
conv_layers.3,92,0.011555273085832596,2.003143787384033
conv_layers.3,93,0.009706559590995312,2.001861810684204
conv_layers.3,94,0.03027999773621559,2.017644166946411
conv_layers.3,95,0.016530871391296387,1.9978113174438477
conv_layers.3,98,0.031184010207653046,2.012831211090088
conv_layers.3,100,0.015902871266007423,2.0048604011535645
conv_layers.3,102,0.015053004026412964,1.995660424232483
conv_layers.3,105,0.03809734061360359,1.9685111045837402
conv_layers.3,106,0.03367230296134949,1.9879753589630127
conv_layers.3,108,0.004845493007451296,2.0275378227233887
conv_layers.3,109,0.010716836899518967,2.010667085647583
conv_layers.3,112,0.0024575854185968637,2.023120641708374
conv_layers.3,113,0.011859908699989319,1.9971346855163574
conv_layers.3,116,-0.02419908531010151,1.9911785125732422
conv_layers.3,120,-0.011182921938598156,1.9952614307403564
conv_layers.3,121,-0.010672896169126034,2.025630474090576
conv_layers.3,122,-0.011464466340839863,2.020681142807007
conv_layers.3,125,0.0010805195197463036,2.0167784690856934
conv_layers.4,5,-0.002919789869338274,2.0697879791259766
conv_layers.4,6,0.021109232679009438,2.072512149810791
conv_layers.4,12,0.010136405006051064,2.0462090969085693
conv_layers.4,18,0.00455239275470376,2.06213116645813
conv_layers.4,19,0.02076244167983532,2.035965919494629
conv_layers.4,27,0.024519920349121094,2.0735673904418945
conv_layers.4,29,0.0011116513051092625,2.0445919036865234
conv_layers.4,30,0.014537161216139793,2.066622495651245
conv_layers.4,31,0.023776549845933914,2.0593137741088867
conv_layers.4,34,0.003865365404635668,2.0441694259643555
conv_layers.4,35,-0.009151486679911613,2.0637142658233643
conv_layers.4,37,-0.005878461059182882,2.0536885261535645
conv_layers.4,38,0.014195770025253296,2.0536410808563232
conv_layers.4,41,-0.012879431247711182,2.0259313583374023
conv_layers.4,43,-0.0023291148245334625,2.0730419158935547
conv_layers.4,49,-0.007184690795838833,2.0576233863830566
conv_layers.4,53,-0.0030837487429380417,2.047433376312256
conv_layers.4,55,0.0025473437272012234,2.0593583583831787
conv_layers.4,59,0.016745537519454956,2.0688092708587646
conv_layers.4,70,0.007403595373034477,2.071620464324951
conv_layers.4,87,0.0028016711585223675,2.05226469039917
conv_layers.4,91,0.00927143357694149,2.069335699081421
conv_layers.4,102,0.00560334138572216,2.0424306392669678
conv_layers.4,109,0.012355076149106026,2.0628960132598877
conv_layers.4,111,-0.00017905235290527344,2.0647003650665283
conv_layers.4,113,0.014468126930296421,2.0366709232330322
conv_layers.4,118,0.004272055812180042,2.077110528945923
conv_layers.4,127,0.01039600558578968,2.0211124420166016
conv_layers.4,134,0.0077386172488331795,2.029984474182129
conv_layers.4,136,0.004874274134635925,2.051097869873047
conv_layers.4,137,0.00262703699991107,2.0589940547943115
conv_layers.4,138,-0.018495583906769753,2.063648223876953
conv_layers.4,140,0.01853024959564209,2.02193546295166
conv_layers.4,141,-0.008101760409772396,2.0492587089538574
conv_layers.4,145,-0.0027568398509174585,2.0760338306427
conv_layers.4,151,0.014694063924252987,2.061337947845459
conv_layers.4,154,0.0014121681451797485,2.066376209259033
conv_layers.4,169,0.013738645240664482,2.034520387649536
conv_layers.4,170,0.008136398158967495,2.043252944946289
conv_layers.4,172,0.00022549880668520927,2.036503553390503
conv_layers.4,173,0.024582428857684135,2.039931058883667
conv_layers.4,174,0.011026183143258095,2.0605835914611816
conv_layers.4,181,-0.008286457508802414,2.032226324081421
conv_layers.4,185,0.019596729427576065,2.03714919090271
conv_layers.4,189,-0.004397101700305939,2.0371007919311523
conv_layers.4,195,0.017218146473169327,2.063002347946167
conv_layers.4,196,0.02950236387550831,2.040642738342285
conv_layers.4,199,-0.005765633191913366,2.0562665462493896
conv_layers.4,200,0.008892225101590157,2.0351667404174805
conv_layers.4,207,0.010999929159879684,2.0532541275024414
conv_layers.4,209,0.012019538320600986,2.082782030105591
conv_layers.4,213,0.013960263691842556,2.050828695297241
conv_layers.4,214,0.008327953517436981,2.065263271331787
conv_layers.4,215,0.016872134059667587,2.0526719093322754
conv_layers.4,216,0.009406467899680138,2.0415422916412354
conv_layers.4,225,0.020653516054153442,2.060547351837158
conv_layers.4,234,0.011650385335087776,2.030614137649536
conv_layers.4,235,0.0019638552330434322,2.0731499195098877
conv_layers.4,239,0.010277453809976578,2.061378240585327
conv_layers.4,242,-0.0017938441596925259,2.060196876525879
conv_layers.4,243,0.012364242225885391,2.042231559753418
conv_layers.4,244,0.020636864006519318,2.071035861968994
conv_layers.4,247,0.014879596419632435,2.053715467453003
conv_layers.4,249,-0.01591201312839985,2.0752105712890625
conv_layers.5,0,0.010197462514042854,2.0199403762817383
conv_layers.5,1,0.011910547502338886,2.0621492862701416
conv_layers.5,2,0.004594852216541767,2.061880111694336
conv_layers.5,5,0.011791126802563667,2.0825581550598145
conv_layers.5,10,0.0199052132666111,2.0759501457214355
conv_layers.5,19,0.00801347941160202,2.0922389030456543
conv_layers.5,31,0.02271386608481407,2.068140745162964
conv_layers.5,38,0.012730480171740055,2.074425220489502
conv_layers.5,41,0.010982610285282135,2.0468358993530273
conv_layers.5,44,0.009467903524637222,2.086195468902588
conv_layers.5,51,0.001092943362891674,2.0713632106781006
conv_layers.5,73,-0.0035735853016376495,2.0601072311401367
conv_layers.5,83,0.016314085572957993,2.036470413208008
conv_layers.5,88,0.002753091510385275,2.0384533405303955
conv_layers.5,99,0.012292252853512764,2.0476064682006836
conv_layers.5,117,0.0028811227530241013,2.0882623195648193
conv_layers.5,118,-0.00915246270596981,2.0528528690338135
conv_layers.5,119,0.004079113714396954,2.0607428550720215
conv_layers.5,120,-0.005404183641076088,2.0587406158447266
conv_layers.5,123,-0.0026411237195134163,2.0703670978546143
conv_layers.5,124,-0.0009852247312664986,2.0720503330230713
conv_layers.5,125,-0.0009847776964306831,2.0512635707855225
conv_layers.5,126,0.008172130212187767,2.0860838890075684
conv_layers.5,133,0.004400121048092842,2.085951089859009
conv_layers.5,139,-0.00089288130402565,2.082165002822876
conv_layers.5,144,0.002341565676033497,2.0714828968048096
conv_layers.5,147,0.008882627822458744,2.070836067199707
conv_layers.5,151,-0.0006899712607264519,2.043363332748413
conv_layers.5,154,0.010990719310939312,2.0660951137542725
conv_layers.5,156,-0.004308830015361309,2.055640459060669
conv_layers.5,163,0.012918941676616669,2.0638294219970703
conv_layers.5,165,0.00923780258744955,2.073347806930542
conv_layers.5,166,0.011229360476136208,2.0586230754852295
conv_layers.5,167,-0.0005755992606282234,2.0638184547424316
conv_layers.5,170,0.015441630966961384,2.07907772064209
conv_layers.5,172,0.010631196200847626,2.0730931758880615
conv_layers.5,177,0.004043830558657646,2.071424961090088
conv_layers.5,182,0.013390133157372475,2.0408835411071777
conv_layers.5,185,0.01215379685163498,2.061082124710083
conv_layers.5,186,0.0029543088749051094,2.0735185146331787
conv_layers.5,190,0.016747942194342613,2.0412843227386475
conv_layers.5,193,0.0038155848160386086,2.059141159057617
conv_layers.5,196,0.0048210956156253815,2.0759427547454834
conv_layers.5,198,0.015597126446664333,2.0770716667175293
conv_layers.5,199,0.013293704017996788,2.041884183883667
conv_layers.5,205,0.0064846668392419815,2.0494468212127686
conv_layers.5,206,0.010814310051500797,2.0475001335144043
conv_layers.5,210,-0.003523203544318676,2.052366256713867
conv_layers.5,211,0.0012217778712511063,2.0700340270996094
conv_layers.5,213,0.007358027622103691,2.0448925495147705
conv_layers.5,214,0.014747713692486286,2.006401777267456
conv_layers.5,217,0.006335310637950897,2.0604865550994873
conv_layers.5,219,0.020377468317747116,2.0753469467163086
conv_layers.5,224,0.010694609023630619,2.0487756729125977
conv_layers.5,227,0.0025368137285113335,2.0504212379455566
conv_layers.5,228,0.011883607134222984,2.0670459270477295
conv_layers.5,234,0.0032400195486843586,2.060232400894165
conv_layers.5,237,-0.001161837950348854,2.066594123840332
conv_layers.5,239,0.002604934386909008,2.0703747272491455
conv_layers.5,241,0.001959778368473053,2.086256980895996
conv_layers.5,243,0.008824754506349564,2.065546751022339
conv_layers.5,244,0.02248835749924183,2.0867927074432373
conv_layers.5,247,-0.008272001519799232,2.069930076599121
conv_layers.5,254,0.000732659362256527,2.0632903575897217
conv_layers.6,2,0.0069640809670090675,2.025646209716797
conv_layers.6,11,0.0009643547236919403,2.079446792602539
conv_layers.6,16,0.004618154838681221,2.0671679973602295
conv_layers.6,19,0.004207877442240715,2.0983428955078125
conv_layers.6,21,0.006751935929059982,2.0708436965942383
conv_layers.6,23,0.0015889015048742294,2.086345672607422
conv_layers.6,24,0.00377784576267004,2.076936960220337
conv_layers.6,32,0.0037136515602469444,2.0782485008239746
conv_layers.6,35,-0.0020669721998274326,2.0768802165985107
conv_layers.6,37,0.00376955047249794,2.0883853435516357
conv_layers.6,38,0.0008751396089792252,2.0789530277252197
conv_layers.6,53,0.00699914526194334,2.0795326232910156
conv_layers.6,54,0.005423880182206631,2.089515447616577
conv_layers.6,58,0.002452995628118515,2.082096815109253
conv_layers.6,62,0.0038828784599900246,2.0726823806762695
conv_layers.6,76,-0.0055077834986150265,2.0798866748809814
conv_layers.6,86,0.006727494299411774,2.081216335296631
conv_layers.6,93,0.0008933926001191139,2.074709177017212
conv_layers.6,96,0.006291820667684078,2.0755417346954346
conv_layers.6,100,0.014657343737781048,2.0636274814605713
conv_layers.6,107,0.0070541370660066605,2.0780036449432373
conv_layers.6,110,0.002021028660237789,2.0341293811798096
conv_layers.6,112,0.005072765052318573,2.073399543762207
conv_layers.6,117,0.010346886701881886,2.074981689453125
conv_layers.6,126,0.005311422515660524,2.090130090713501
conv_layers.6,127,0.008375504054129124,2.043959140777588
conv_layers.6,128,0.004769463092088699,2.0914862155914307
conv_layers.6,130,0.009794645011425018,2.085763931274414
conv_layers.6,140,0.004571618977934122,2.079807996749878
conv_layers.6,142,0.003083139657974243,2.061923027038574
conv_layers.6,151,0.0052336473017930984,2.0675740242004395
conv_layers.6,153,-7.60834664106369e-05,2.097482204437256
conv_layers.6,159,-0.0012764520943164825,2.0781617164611816
conv_layers.6,160,0.008260040543973446,2.0853428840637207
conv_layers.6,162,0.004115710034966469,2.0918846130371094
conv_layers.6,164,0.011505715548992157,2.0613644123077393
conv_layers.6,169,-0.008676774799823761,2.0579793453216553
conv_layers.6,171,-0.002456948161125183,2.0743651390075684
conv_layers.6,173,0.011257829144597054,2.041090250015259
conv_layers.6,174,-0.0006047235801815987,2.0804731845855713
conv_layers.6,178,0.004803868010640144,2.0737485885620117
conv_layers.6,179,0.0017104614526033401,2.074859857559204
conv_layers.6,180,0.0016261273995041847,2.067129373550415
conv_layers.6,183,0.013178380206227303,2.087127208709717
conv_layers.6,186,-0.00415971502661705,2.084073305130005
conv_layers.6,187,0.00479474849998951,2.076293706893921
conv_layers.6,195,0.004962471313774586,2.0813400745391846
conv_layers.6,198,0.006094616837799549,2.095327615737915
conv_layers.6,201,-0.010337907820940018,2.0831410884857178
conv_layers.6,202,0.005986173637211323,2.077984571456909
conv_layers.6,204,0.001333688385784626,2.092644214630127
conv_layers.6,209,0.00030068401247262955,2.0675737857818604
conv_layers.6,211,0.0064534470438957214,2.0731353759765625
conv_layers.6,216,0.005441009998321533,2.0773797035217285
conv_layers.6,221,0.007162458263337612,2.0642483234405518
conv_layers.6,222,0.009097287431359291,2.0573201179504395
conv_layers.6,238,0.010823157615959644,2.0758912563323975
conv_layers.6,242,0.008660836145281792,2.0852103233337402
conv_layers.6,243,0.0019912049174308777,2.081559896469116
conv_layers.6,244,0.008707616478204727,2.0687859058380127
conv_layers.6,245,0.005777234211564064,2.076658248901367
conv_layers.6,251,0.0002883998677134514,2.0864827632904053
conv_layers.6,253,0.005730879493057728,2.0836310386657715
conv_layers.6,254,0.0023246705532073975,2.085310220718384
conv_layers.7,10,-0.0013689808547496796,2.115798234939575
conv_layers.7,25,0.0005937814712524414,2.129641056060791
conv_layers.7,27,0.00550917349755764,2.1263976097106934
conv_layers.7,34,0.0009757177904248238,2.125692129135132
conv_layers.7,38,0.0018735872581601143,2.140313148498535
conv_layers.7,40,-0.0006881654262542725,2.1358587741851807
conv_layers.7,64,0.004250847734510899,2.1430325508117676
conv_layers.7,74,0.0002924976870417595,2.1351139545440674
conv_layers.7,83,0.001078655943274498,2.1184160709381104
conv_layers.7,85,-0.0011948104947805405,2.125526189804077
conv_layers.7,116,0.002744646742939949,2.106536388397217
conv_layers.7,118,0.00034737400710582733,2.1397387981414795
conv_layers.7,119,0.0015823673456907272,2.098597764968872
conv_layers.7,126,0.0045392997562885284,2.1283304691314697
conv_layers.7,130,-6.363075226545334e-05,2.109732151031494
conv_layers.7,136,0.011663427576422691,2.1295342445373535
conv_layers.7,138,-0.0005391603335738182,2.132338047027588
conv_layers.7,141,0.0020956741645932198,2.1067326068878174
conv_layers.7,146,0.0041183969005942345,2.1182360649108887
conv_layers.7,152,0.0017341803759336472,2.1204183101654053
conv_layers.7,158,0.0012999428436160088,2.1271445751190186
conv_layers.7,172,0.00048673059791326523,2.123110294342041
conv_layers.7,184,-0.0016940813511610031,2.1263108253479004
conv_layers.7,185,0.0020856070332229137,2.121567726135254
conv_layers.7,217,0.0017045289278030396,2.1100926399230957
conv_layers.7,228,0.002295638434588909,2.135652542114258
conv_layers.7,249,0.0003220941871404648,2.117347002029419
conv_layers.7,250,-0.0009540598839521408,2.122713565826416
conv_layers.7,254,0.001440713182091713,2.1174261569976807
conv_layers.7,262,0.007179385982453823,2.120356559753418
conv_layers.7,268,0.0030386457219719887,2.120906352996826
conv_layers.7,271,0.0027313525788486004,2.0636727809906006
conv_layers.7,295,0.0014621037989854813,2.119907855987549
conv_layers.7,311,0.0005598291754722595,2.129934549331665
conv_layers.7,334,0.0017226357012987137,2.1297359466552734
conv_layers.7,341,0.0009355852380394936,2.1349704265594482
conv_layers.7,342,0.002225678414106369,2.1242949962615967
conv_layers.7,368,0.00193098746240139,2.1271681785583496
conv_layers.7,370,0.0015165619552135468,2.1357991695404053
conv_layers.7,373,0.0013595223426818848,2.1184468269348145
conv_layers.7,381,-0.0019340403378009796,2.124126434326172
conv_layers.7,383,-0.005164202302694321,2.139866352081299
conv_layers.7,385,0.0009970543906092644,2.1357648372650146
conv_layers.7,398,-0.0009804395958781242,2.1359059810638428
conv_layers.7,403,-0.0028311912901699543,2.1319243907928467
conv_layers.7,406,0.0027851713821291924,2.1376705169677734
conv_layers.7,408,0.004394369665533304,2.135544776916504
conv_layers.7,409,-0.0010062968358397484,2.1207876205444336
conv_layers.7,424,0.0009606452658772469,2.1354386806488037
conv_layers.7,432,0.0019552623853087425,2.1414928436279297
conv_layers.7,436,0.002243273425847292,2.127699851989746
conv_layers.7,441,-2.469262108206749e-05,2.124992847442627
conv_layers.7,447,0.006379717029631138,2.1202807426452637
conv_layers.7,458,0.0002469271421432495,2.119155168533325
conv_layers.7,459,0.0017886226996779442,2.123983383178711
conv_layers.7,461,0.0015844572335481644,2.135190010070801
conv_layers.7,468,-0.0013285791501402855,2.12259578704834
conv_layers.7,472,0.003751707263290882,2.1310460567474365
conv_layers.7,473,0.00029368139803409576,2.123150587081909
conv_layers.7,477,0.002581467851996422,2.108443260192871
conv_layers.7,483,0.003150983713567257,2.1178927421569824
conv_layers.7,494,0.0032328926026821136,2.136319160461426
conv_layers.7,499,0.0015942147001624107,2.135835647583008
conv_layers.7,509,0.0009931335225701332,2.118655204772949
conv_layers.8,4,0.00250962283462286,2.133178472518921
conv_layers.8,12,1.2862496078014374e-05,2.1376166343688965
conv_layers.8,14,0.00023751240223646164,2.1373302936553955
conv_layers.8,16,0.004786659963428974,2.1439855098724365
conv_layers.8,17,0.00034460052847862244,2.149940252304077
conv_layers.8,22,0.00033816322684288025,2.150541305541992
conv_layers.8,28,0.0003701895475387573,2.142822027206421
conv_layers.8,34,0.0012953607365489006,2.1391818523406982
conv_layers.8,38,0.0006925230845808983,2.143956422805786
conv_layers.8,50,0.0003038235008716583,2.150899648666382
conv_layers.8,59,-0.0009515471756458282,2.148301124572754
conv_layers.8,60,-2.7169473469257355e-05,2.141038417816162
conv_layers.8,75,0.001759159378707409,2.1329352855682373
conv_layers.8,83,0.0005923369899392128,2.1427392959594727
conv_layers.8,85,0.0003962526097893715,2.142512083053589
conv_layers.8,87,0.0007148385047912598,2.134300470352173
conv_layers.8,89,-0.00027304235845804214,2.146491765975952
conv_layers.8,95,-0.0008278060704469681,2.1499454975128174
conv_layers.8,96,0.001234716735780239,2.139190435409546
conv_layers.8,105,0.0001610047183930874,2.145890712738037
conv_layers.8,109,-0.0019242404960095882,2.148893117904663
conv_layers.8,110,0.0010778456926345825,2.142688274383545
conv_layers.8,111,0.0008817417547106743,2.1563189029693604
conv_layers.8,120,0.0009353989735245705,2.1437041759490967
conv_layers.8,135,0.0051710098050534725,2.137479066848755
conv_layers.8,139,0.0008865492418408394,2.153498649597168
conv_layers.8,143,0.004129206761717796,2.1454482078552246
conv_layers.8,154,0.002835598774254322,2.139190435409546
conv_layers.8,173,0.0020638611167669296,2.142815113067627
conv_layers.8,177,-0.0006344355642795563,2.1438703536987305
conv_layers.8,188,-0.002692960202693939,2.1289069652557373
conv_layers.8,189,-0.0011064456775784492,2.1480789184570312
conv_layers.8,190,0.0011408813297748566,2.147564172744751
conv_layers.8,198,0.0014942754060029984,2.1336846351623535
conv_layers.8,199,0.0035532908514142036,2.130197525024414
conv_layers.8,204,0.0017061904072761536,2.1516754627227783
conv_layers.8,205,0.001531180925667286,2.135958433151245
conv_layers.8,217,0.00011959578841924667,2.150392532348633
conv_layers.8,220,0.0008595753461122513,2.1312007904052734
conv_layers.8,249,0.00037789344787597656,2.1458911895751953
conv_layers.8,276,-0.0005046958103775978,2.1411125659942627
conv_layers.8,292,0.003691254183650017,2.1429154872894287
conv_layers.8,293,0.0007127262651920319,2.152052640914917
conv_layers.8,294,0.00042451266199350357,2.149998188018799
conv_layers.8,296,0.000759052112698555,2.155552864074707
conv_layers.8,305,0.0023848479613661766,2.1510796546936035
conv_layers.8,307,0.0034523988142609596,2.153674364089966
conv_layers.8,317,0.00021619396284222603,2.1433348655700684
conv_layers.8,320,-0.0013533160090446472,2.150131940841675
conv_layers.8,345,-0.00048247911036014557,2.138108253479004
conv_layers.8,349,-0.001330571249127388,2.1512973308563232
conv_layers.8,357,0.0008431877940893173,2.143672466278076
conv_layers.8,373,0.0012637460604310036,2.1402857303619385
conv_layers.8,418,0.0008964743465185165,2.1470391750335693
conv_layers.8,420,0.0020836004987359047,2.1362452507019043
conv_layers.8,430,-6.322283297777176e-05,2.136786937713623
conv_layers.8,431,0.0007232083007693291,2.140017032623291
conv_layers.8,447,0.00183806661516428,2.1374287605285645
conv_layers.8,459,0.0012183338403701782,2.1434085369110107
conv_layers.8,462,0.0006529418751597404,2.1574387550354004
conv_layers.8,470,0.00024426914751529694,2.1464030742645264
conv_layers.8,480,0.000346367247402668,2.1510608196258545
conv_layers.8,487,0.0016239872202277184,2.1374001502990723
conv_layers.8,511,0.002824985422194004,2.1370320320129395
conv_layers.9,13,0.0016582310199737549,2.1487529277801514
conv_layers.9,34,0.002426103688776493,2.1418423652648926
conv_layers.9,53,-3.3192336559295654e-06,2.1455509662628174
conv_layers.9,67,0.0011867247521877289,2.146519660949707
conv_layers.9,124,0.0018502669408917427,2.156696081161499
conv_layers.9,134,0.00026558898389339447,2.1522216796875
conv_layers.9,151,0.0006277440115809441,2.145726442337036
conv_layers.9,154,-0.0005280543118715286,2.1476237773895264
conv_layers.9,158,8.696969598531723e-05,2.1523518562316895
conv_layers.9,161,-0.0013425708748400211,2.1385130882263184
conv_layers.9,165,-6.381422281265259e-06,2.157299757003784
conv_layers.9,168,0.0008376939222216606,2.1515088081359863
conv_layers.9,185,0.002410336397588253,2.1306819915771484
conv_layers.9,191,0.0014413073658943176,2.139007329940796
conv_layers.9,197,0.0011914372444152832,2.1453304290771484
conv_layers.9,205,0.0021033408120274544,2.1374664306640625
conv_layers.9,208,0.001912364736199379,2.1503000259399414
conv_layers.9,210,-0.00012404751032590866,2.140878200531006
conv_layers.9,212,0.0018193982541561127,2.152160167694092
conv_layers.9,225,-0.00048046186566352844,2.1377692222595215
conv_layers.9,252,-0.00038897525519132614,2.1417438983917236
conv_layers.9,257,-0.0009946823120117188,2.1460976600646973
conv_layers.9,260,-0.0004964424297213554,2.1510021686553955
conv_layers.9,261,0.0008167698979377747,2.160262107849121
conv_layers.9,264,-0.00041646137833595276,2.1494081020355225
conv_layers.9,277,0.0012776507064700127,2.1423072814941406
conv_layers.9,279,0.0007845079526305199,2.147751808166504
conv_layers.9,287,0.000283961184322834,2.1511149406433105
conv_layers.9,289,5.3534284234046936e-05,2.146050453186035
conv_layers.9,292,0.0002993992529809475,2.137150526046753
conv_layers.9,297,-0.002399229444563389,2.1505744457244873
conv_layers.9,298,0.0025181369855999947,2.152956008911133
conv_layers.9,304,0.0035930192098021507,2.1477420330047607
conv_layers.9,309,1.2906268239021301e-05,2.1459789276123047
conv_layers.9,311,0.00017458386719226837,2.158086061477661
conv_layers.9,319,3.632809966802597e-05,2.1596758365631104
conv_layers.9,325,0.0003253864124417305,2.150697946548462
conv_layers.9,326,0.002809680998325348,2.1504197120666504
conv_layers.9,339,-0.0002809586003422737,2.147554874420166
conv_layers.9,348,0.0009103398770093918,2.1542232036590576
conv_layers.9,351,0.004127828404307365,2.1403586864471436
conv_layers.9,352,0.0015279771760106087,2.150897741317749
conv_layers.9,354,-0.0014903536066412926,2.1447958946228027
conv_layers.9,355,0.0024604564532637596,2.1410181522369385
conv_layers.9,369,2.1306797862052917e-05,2.1457252502441406
conv_layers.9,380,-0.0006154738366603851,2.152414321899414
conv_layers.9,382,0.0006605470553040504,2.147352695465088
conv_layers.9,392,-3.8119032979011536e-06,2.1453583240509033
conv_layers.9,393,0.0006032148376107216,2.149138927459717
conv_layers.9,404,-0.0002376176416873932,2.140000343322754
conv_layers.9,417,-0.0009560259059071541,2.155736207962036
conv_layers.9,422,-6.57583586871624e-05,2.151031255722046
conv_layers.9,426,0.00045478809624910355,2.1415109634399414
conv_layers.9,441,0.004537384025752544,2.144441843032837
conv_layers.9,442,0.0014360733330249786,2.151705741882324
conv_layers.9,455,0.0002508498728275299,2.138507127761841
conv_layers.9,464,0.0011671297252178192,2.1480634212493896
conv_layers.9,469,0.0021899156272411346,2.1475319862365723
conv_layers.9,473,-0.0017433110624551773,2.1546382904052734
conv_layers.9,474,0.0009849248453974724,2.144428014755249
conv_layers.9,488,-0.0009672204032540321,2.1457324028015137
conv_layers.9,494,-8.630380034446716e-05,2.1540374755859375
conv_layers.9,499,0.0004892097786068916,2.146294593811035
conv_layers.9,503,0.002121206372976303,2.1419217586517334
conv_layers.10,8,0.0006499020382761955,2.159878730773926
conv_layers.10,15,0.00028014276176691055,2.146357297897339
conv_layers.10,49,-0.0003560837358236313,2.1569321155548096
conv_layers.10,55,-5.701836198568344e-05,2.14009690284729
conv_layers.10,61,1.526530832052231e-05,2.1577651500701904
conv_layers.10,80,-0.000558607280254364,2.1536450386047363
conv_layers.10,91,0.0006382353603839874,2.153299570083618
conv_layers.10,106,0.0021592164412140846,2.1642370223999023
conv_layers.10,110,0.0007225377485156059,2.161231517791748
conv_layers.10,126,-0.0002680141478776932,2.1563448905944824
conv_layers.10,130,-9.600166231393814e-05,2.151488780975342
conv_layers.10,144,0.0006964588537812233,2.161227226257324
conv_layers.10,150,-0.0003177691251039505,2.1540682315826416
conv_layers.10,162,0.00042215827852487564,2.1594789028167725
conv_layers.10,163,-4.056841135025024e-06,2.1466543674468994
conv_layers.10,167,0.0011827079579234123,2.1565470695495605
conv_layers.10,168,-2.047792077064514e-05,2.146454334259033
conv_layers.10,169,-0.0006409203633666039,2.147874355316162
conv_layers.10,179,0.001155405305325985,2.163700819015503
conv_layers.10,181,-5.1604583859443665e-06,2.1526803970336914
conv_layers.10,187,0.001663686241954565,2.150627613067627
conv_layers.10,189,0.0004393588751554489,2.1483044624328613
conv_layers.10,202,-5.605444312095642e-05,2.1575191020965576
conv_layers.10,210,0.0003146938979625702,2.1498892307281494
conv_layers.10,213,0.0008030794560909271,2.156045436859131
conv_layers.10,219,0.00043070223182439804,2.1586151123046875
conv_layers.10,223,0.00011701975017786026,2.1594369411468506
conv_layers.10,227,-1.2682750821113586e-05,2.1495676040649414
conv_layers.10,229,0.0011172927916049957,2.153996467590332
conv_layers.10,241,-0.00031675398349761963,2.1501927375793457
conv_layers.10,242,-0.00026890262961387634,2.1547462940216064
conv_layers.10,255,-0.00018046796321868896,2.1611390113830566
conv_layers.10,265,7.359310984611511e-06,2.153247833251953
conv_layers.10,266,0.0005291728302836418,2.1468374729156494
conv_layers.10,274,-9.244494140148163e-05,2.159069061279297
conv_layers.10,278,-2.3543834686279297e-06,2.157724618911743
conv_layers.10,296,0.0010507935658097267,2.1616482734680176
conv_layers.10,299,0.0004989774897694588,2.152862787246704
conv_layers.10,304,1.8117018043994904e-05,2.144547700881958
conv_layers.10,306,0.0006318259984254837,2.160753011703491
conv_layers.10,314,9.684637188911438e-05,2.1545016765594482
conv_layers.10,315,-0.0006743925623595715,2.1519575119018555
conv_layers.10,316,0.0009787091985344887,2.1562068462371826
conv_layers.10,318,0.00013198889791965485,2.160506248474121
conv_layers.10,320,0.001557948999106884,2.1599478721618652
conv_layers.10,353,0.00020476151257753372,2.1451401710510254
conv_layers.10,358,0.0009840615093708038,2.159273147583008
conv_layers.10,362,0.0010242294520139694,2.1544272899627686
conv_layers.10,369,0.00079390499740839,2.1493687629699707
conv_layers.10,370,0.0017092907801270485,2.1507773399353027
conv_layers.10,381,0.0003429027274250984,2.1499836444854736
conv_layers.10,386,-0.0007150862365961075,2.1520941257476807
conv_layers.10,388,-0.0002085445448756218,2.167156457901001
conv_layers.10,398,-0.000616840086877346,2.147113561630249
conv_layers.10,401,0.0017859982326626778,2.153305768966675
conv_layers.10,403,-0.0010291431099176407,2.152446746826172
conv_layers.10,429,-0.0005045672878623009,2.154996871948242
conv_layers.10,442,-0.0004977229982614517,2.1628239154815674
conv_layers.10,446,-0.0006690993905067444,2.157334089279175
conv_layers.10,456,0.0015220800414681435,2.1481502056121826
conv_layers.10,470,-0.000947512686252594,2.1540069580078125
conv_layers.10,481,0.0008154502138495445,2.154025077819824
conv_layers.10,486,-0.0004036184400320053,2.14739990234375
conv_layers.10,493,0.0004668841138482094,2.1473076343536377
conv_layers.11,10,-3.335811197757721e-05,2.1626663208007812
conv_layers.11,11,0.0003715045750141144,2.1583127975463867
conv_layers.11,17,0.00016476958990097046,2.1471328735351562
conv_layers.11,33,3.789830952882767e-05,2.1671812534332275
conv_layers.11,41,4.943646490573883e-05,2.1658904552459717
conv_layers.11,57,-0.0021574427373707294,2.153526544570923
conv_layers.11,65,-0.00042160414159297943,2.14162015914917
conv_layers.11,66,0.0006730891764163971,2.149021625518799
conv_layers.11,67,0.0009632473811507225,2.167607307434082
conv_layers.11,69,0.0011525023728609085,2.1681690216064453
conv_layers.11,74,0.00020466744899749756,2.1647207736968994
conv_layers.11,87,0.001150769181549549,2.172210216522217
conv_layers.11,88,-0.0004090406000614166,2.155668020248413
conv_layers.11,96,0.0007108571007847786,2.168900966644287
conv_layers.11,114,0.00030934717506170273,2.1515846252441406
conv_layers.11,115,-0.0004192749038338661,2.157338857650757
conv_layers.11,121,-0.0001459028571844101,2.170090913772583
conv_layers.11,130,-0.00033843331038951874,2.1466000080108643
conv_layers.11,135,0.00012655742466449738,2.1466615200042725
conv_layers.11,136,0.0009000468999147415,2.1624226570129395
conv_layers.11,146,0.00027566589415073395,2.1672139167785645
conv_layers.11,148,-0.00028765201568603516,2.1559665203094482
conv_layers.11,163,-7.070042192935944e-05,2.16330885887146
conv_layers.11,164,-0.0002293270081281662,2.1516339778900146
conv_layers.11,178,-0.00027440767735242844,2.162156820297241
conv_layers.11,181,2.2306106984615326e-05,2.1643028259277344
conv_layers.11,188,-0.0007774122059345245,2.1726627349853516
conv_layers.11,190,0.0002064984291791916,2.1604793071746826
conv_layers.11,201,0.0010470496490597725,2.155783176422119
conv_layers.11,202,-0.00016126595437526703,2.1495914459228516
conv_layers.11,213,-0.0009121838957071304,2.1590206623077393
conv_layers.11,214,0.0002495618537068367,2.1607162952423096
conv_layers.11,245,-0.0003395816311240196,2.1667675971984863
conv_layers.11,259,0.0009369486942887306,2.160085678100586
conv_layers.11,269,-6.706826388835907e-05,2.1527960300445557
conv_layers.11,272,0.000544586218893528,2.1788136959075928
conv_layers.11,274,-0.00017756130546331406,2.168461799621582
conv_layers.11,277,0.0006477329879999161,2.1721482276916504
conv_layers.11,286,0.0013822652399539948,2.160360813140869
conv_layers.11,293,-0.0001827199012041092,2.167025327682495
conv_layers.11,313,4.999339580535889e-06,2.16323184967041
conv_layers.11,326,0.00028718356043100357,2.1674764156341553
conv_layers.11,327,-0.00039577484130859375,2.1536591053009033
conv_layers.11,328,0.0005414634943008423,2.1681272983551025
conv_layers.11,334,0.0009495578706264496,2.1676025390625
conv_layers.11,350,6.281305104494095e-05,2.1653153896331787
conv_layers.11,351,-0.00022106431424617767,2.159773349761963
conv_layers.11,355,0.00012601539492607117,2.1681692600250244
conv_layers.11,385,-5.101878196001053e-05,2.165672779083252
conv_layers.11,409,5.918741226196289e-05,2.1617743968963623
conv_layers.11,411,0.0008647497743368149,2.165710687637329
conv_layers.11,426,-2.9634684324264526e-05,2.14786434173584
conv_layers.11,430,-0.0002249591052532196,2.149489164352417
conv_layers.11,435,-0.0003981078043580055,2.1523053646087646
conv_layers.11,445,8.685514330863953e-06,2.1591413021087646
conv_layers.11,449,0.0005675246939063072,2.1653175354003906
conv_layers.11,458,-0.0001821070909500122,2.1636035442352295
conv_layers.11,465,0.0004284866154193878,2.166409730911255
conv_layers.11,467,0.001105302944779396,2.171355724334717
conv_layers.11,470,0.002551659010350704,2.168506622314453
conv_layers.11,473,8.133240044116974e-06,2.143733024597168
conv_layers.11,506,-0.00033213570713996887,2.1403067111968994
conv_layers.11,508,0.00030313897877931595,2.162788152694702
conv_layers.11,509,0.001126810908317566,2.170682191848755
conv_layers.12,6,0.001093524508178234,2.144930124282837
conv_layers.12,9,0.0,2.144502639770508
conv_layers.12,14,0.0,2.1396799087524414
conv_layers.12,15,0.0,2.1552488803863525
conv_layers.12,19,0.00038123317062854767,2.1416561603546143
conv_layers.12,38,-1.7648562788963318e-06,2.1381988525390625
conv_layers.12,43,-0.0037251170724630356,2.1209805011749268
conv_layers.12,51,-0.0008134813979268074,2.074456214904785
conv_layers.12,60,-4.455447196960449e-06,2.1364517211914062
conv_layers.12,62,-0.0005010506138205528,2.1686460971832275
conv_layers.12,82,9.326264262199402e-06,2.1283118724823
conv_layers.12,94,2.086162567138672e-07,2.137347936630249
conv_layers.12,98,-4.978850483894348e-06,2.1410398483276367
conv_layers.12,105,6.658956408500671e-07,2.1434972286224365
conv_layers.12,126,0.0,2.1451303958892822
conv_layers.12,139,0.0,2.152444362640381
conv_layers.12,141,0.0,2.1195735931396484
conv_layers.12,144,-5.6521035730838776e-05,2.157362937927246
conv_layers.12,146,-0.002109088934957981,2.12894868850708
conv_layers.12,149,0.0,2.158895969390869
conv_layers.12,157,0.0,2.137174367904663
conv_layers.12,178,-0.0028627971187233925,1.9980612993240356
conv_layers.12,181,1.8017366528511047e-05,2.1478638648986816
conv_layers.12,184,6.50063157081604e-07,2.13112735748291
conv_layers.12,188,3.080815076828003e-05,2.1533920764923096
conv_layers.12,192,0.0,2.136894464492798
conv_layers.12,208,2.154149115085602e-06,2.129805564880371
conv_layers.12,210,2.83215194940567e-06,2.1401703357696533
conv_layers.12,237,1.7508864402770996e-06,2.107325553894043
conv_layers.12,238,1.9212253391742706e-05,2.1534574031829834
conv_layers.12,241,0.0,2.1381382942199707
conv_layers.12,249,0.0,2.160353422164917
conv_layers.12,263,-0.0007211426272988319,2.142469644546509
conv_layers.12,275,0.0,2.143735408782959
conv_layers.12,298,0.0,2.1550514698028564
conv_layers.12,302,-3.680586814880371e-06,2.1269173622131348
conv_layers.12,305,3.216788172721863e-06,2.1391851902008057
conv_layers.12,312,-9.462237358093262e-07,2.147054672241211
conv_layers.12,313,-3.7495046854019165e-06,2.1370139122009277
conv_layers.12,332,-3.0761584639549255e-05,2.129249095916748
conv_layers.12,333,0.0031202007085084915,1.9958062171936035
conv_layers.12,335,0.0,2.142761707305908
conv_layers.12,343,-8.381903171539307e-08,2.145148754119873
conv_layers.12,351,0.0,2.153441905975342
conv_layers.12,358,1.9799917936325073e-06,2.1489076614379883
conv_layers.12,361,-0.00020014308393001556,2.1102535724639893
conv_layers.12,367,0.00015762541443109512,2.1433162689208984
conv_layers.12,369,0.0,2.1430983543395996
conv_layers.12,371,-1.862645149230957e-09,2.136842966079712
conv_layers.12,392,-8.86041671037674e-05,2.1267287731170654
conv_layers.12,393,2.6895664632320404e-05,2.13675856590271
conv_layers.12,433,0.0,2.1292731761932373
conv_layers.12,441,0.0,2.1408586502075195
conv_layers.12,442,1.3131648302078247e-07,2.121044158935547
conv_layers.12,450,0.0,2.156465530395508
conv_layers.12,451,0.0,2.1543936729431152
conv_layers.12,457,3.511086106300354e-06,2.148475408554077
conv_layers.12,467,5.280598998069763e-07,2.1378955841064453
conv_layers.12,482,-0.002565070055425167,1.9907100200653076
conv_layers.12,483,0.0,2.136483907699585
conv_layers.12,490,0.0,2.1395199298858643
conv_layers.12,491,0.0019095782190561295,2.0085039138793945
conv_layers.12,505,0.0,2.1437690258026123
conv_layers.12,508,0.0,2.138122797012329
